student_id,life_direction_meaning,college_work_resilience,campus_seen_supported,emotionally_steady,hopeful_future,clear_values,life_depth_moments,cheerful_spirits,college_growth,academic_wellbeing,biggest_challenge,biggest_challenge_other_text,school_time_energy,faculty_staff_support,people_to_turn_to,know_support_resources,focus_place,enough_sleep,parent_caregiver_support,enjoyable_company,feels_alone,phone_social_media_interference,physical_activity,alcohol_cannabis_social_coping,money_stress,study_hours_outside_class,life_priority,life_priority_other_text,age_group,college_stage,gender,gender_other_text,race_ethnicity,race_ethnicity_other_text,parent_four_year_college,college_goal,college_goal_other_text,major_field,major_field_other_text,major_confidence,spring_credits,class_modality,paid_work_hours,life_direction_meaning_score,college_work_resilience_score,campus_seen_supported_score,emotionally_steady_score,hopeful_future_score,clear_values_score,life_depth_moments_score,cheerful_spirits_score,college_growth_score,academic_wellbeing_score,school_time_energy_score,faculty_staff_support_score,people_to_turn_to_score,know_support_resources_score,focus_place_score,enough_sleep_score,parent_caregiver_support_score,enjoyable_company_score,feels_alone_score,phone_social_media_interference_score,physical_activity_score,alcohol_cannabis_social_coping_score,money_stress_score,study_hours_outside_class_score,major_confidence_score,spring_credits_score,paid_work_hours_score,wellbeing_index,school_support_index
1,Agree,Strongly agree,Agree,Agree,Neither agree nor disagree,Strongly agree,Strongly agree,Disagree,Neither agree nor disagree,Strongly agree,Motivation/discipline,,Agree,Disagree,Strongly agree,Agree,Strongly agree,Disagree,Strongly agree,Never,Very often,Sometimes,Often,Never,Not at all,<5 hours,Figuring out my future,,18-19,Second year,Woman,,Middle Eastern/North African,,Yes,Transfer,,STEM,,Somewhat confident,15+ credits,More in-person,0 hours,4,5,4,4,3,5,5,2,3,5,4,2,5,4,5,2,5,0,4,2,3,0,0,1,4,5,0,4.0,3.86
2,Strongly agree,Strongly agree,Agree,Strongly agree,Strongly agree,Strongly agree,Strongly agree,Strongly agree,Strongly agree,Strongly agree,Nothing holding me back,,Strongly agree,Strongly agree,Strongly agree,Strongly agree,Strongly agree,Strongly agree,Not applicable,Very often,Never,Never,Often,Never,Not at all,5-10 hours,Enjoying life,,18-19,First year,Woman,,White,,Yes,Transfer,,Health professions,,Very confident,15+ credits,About equal,20-29 hours,5,5,4,5,5,5,5,5,5,5,5,5,5,5,5,5,,4,0,0,3,0,0,2,5,5,3,4.9,5.0
3,Agree,Neither agree nor disagree,Neither agree nor disagree,Neither agree nor disagree,Neither agree nor disagree,Agree,Agree,Disagree,Agree,Disagree,Physical health/low energy,,Disagree,Neither agree nor disagree,Neither agree nor disagree,Agree,Agree,Strongly disagree,Agree,Sometimes,Sometimes,Sometimes,Often,Sometimes,Moderate,11-19 hours,Mental/emotional well-being,,Prefer not to say,Second year,Woman,,East Asian,,No,Transfer,,Health professions,,Unsure,12-14 credits,More in-person,0 hours,4,3,3,3,3,4,4,2,4,2,2,3,3,4,4,1,4,2,2,2,3,2,2,3,3,4,0,3.2,3.0
4,Disagree,Neither agree nor disagree,Agree,Disagree,Strongly disagree,Neither agree nor disagree,Strongly disagree,Neither agree nor disagree,Disagree,Strongly disagree,Teaching style/quality,,Agree,Strongly agree,Agree,Strongly disagree,Disagree,Agree,Agree,Very often,Sometimes,Sometimes,Often,Never,Not at all,<5 hours,Other,All of them,18-19,First year,Man,,South Asian,,Yes,Transfer,,Arts/creative fields,,Very confident,12-14 credits,More in-person,1-9 hours,2,3,4,2,1,3,1,3,2,1,4,5,4,1,2,4,4,4,2,2,3,0,0,1,5,4,1,2.2,3.43
5,Agree,Agree,Agree,Agree,Agree,Agree,Agree,Agree,Neither agree nor disagree,Agree,Physical health/low energy,,Agree,Neither agree nor disagree,Neither agree nor disagree,Agree,Agree,Neither agree nor disagree,Neither agree nor disagree,Often,Rarely,Sometimes,Often,Never,Very,5-10 hours,Financial stability,,26 or older,Second year,Woman,,Southeast Asian,,No,Transfer,,Health professions,,Somewhat confident,12-14 credits,More in-person,30+ hours,4,4,4,4,4,4,4,4,3,4,4,3,3,4,4,3,3,3,1,2,3,0,3,2,4,4,4,3.9,3.43
6,Agree,Disagree,Disagree,Strongly disagree,Disagree,Strongly agree,Agree,Strongly disagree,Agree,Agree,Mental health/emotional stress,,Disagree,Strongly agree,Strongly disagree,Disagree,Neither agree nor disagree,Strongly disagree,Strongly disagree,Sometimes,Very often,Often,Sometimes,Never,Slight,5-10 hours,Mental/emotional well-being,,18-19,First year,Woman,,South Asian,,Not sure,Associate degree,,Arts/creative fields,,Unsure,12-14 credits,All/mostly in-person,0 hours,4,2,2,1,2,5,4,1,4,4,2,5,1,2,3,1,1,2,4,3,2,0,1,2,3,4,0,2.9,2.14
7,Agree,Agree,Agree,Agree,Agree,Agree,Agree,Agree,Agree,Agree,Not prepared for college-level work,,Agree,Agree,Agree,Agree,Agree,Agree,Strongly agree,Very often,Never,Rarely,Sometimes,Never,Not at all,5-10 hours,Doing well in school,,18-19,First year,Woman,,Latino/Hispanic,,No,Transfer,,Health professions,,Very confident,12-14 credits,All/mostly in-person,0 hours,4,4,4,4,4,4,4,4,4,4,4,4,4,4,4,4,5,4,0,1,2,0,0,2,5,4,0,4.0,4.14
8,Agree,Agree,Agree,Strongly agree,Agree,Agree,Strongly agree,Agree,Agree,Agree,Not prepared for college-level work,,Agree,Neither agree nor disagree,Strongly agree,Agree,Agree,Agree,Strongly agree,Very often,Sometimes,Sometimes,Sometimes,Never,Moderate,11-19 hours,Doing well in school,,18-19,First year,Woman,,Latino/Hispanic,,No,Associate degree,,Health professions,,Very confident,12-14 credits,More in-person,1-9 hours,4,4,4,5,4,4,5,4,4,4,4,3,5,4,4,4,5,4,2,2,2,0,2,3,5,4,1,4.2,4.14
9,Agree,Agree,Agree,Agree,Agree,Agree,Agree,Agree,Agree,Disagree,Not prepared for college-level work,,Neither agree nor disagree,Agree,Agree,Agree,Agree,Disagree,Agree,Sometimes,Sometimes,Sometimes,Very often,Never,Very,11-19 hours,Doing well in school,,20-21,Second year,Man,,East Asian,,No,Transfer,,STEM,,Unsure,12-14 credits,All/mostly in-person,10-19 hours,4,4,4,4,4,4,4,4,4,2,3,4,4,4,4,2,4,2,2,2,4,0,3,3,3,4,2,3.8,3.57
10,Neither agree nor disagree,Disagree,Disagree,Disagree,Strongly disagree,Agree,Disagree,Disagree,Disagree,Strongly disagree,Physical health/low energy,,Disagree,Disagree,Neither agree nor disagree,Disagree,Disagree,Strongly disagree,Neither agree nor disagree,Sometimes,Sometimes,Often,Sometimes,Never,Very,<5 hours,Financial stability,,20-21,Third year or beyond,Man,,Southeast Asian,,Not sure,Transfer,,STEM,,Not confident at all,15+ credits,About equal,10-19 hours,3,2,2,2,1,4,2,2,2,1,2,2,3,2,2,1,3,2,2,3,2,0,3,1,1,5,2,2.1,2.14
11,Strongly agree,Strongly agree,Agree,Strongly agree,Agree,Agree,Agree,Strongly agree,Agree,Strongly agree,Motivation/discipline,,Strongly agree,Strongly agree,Strongly agree,Agree,Strongly agree,Agree,Agree,Sometimes,Rarely,Sometimes,Often,Never,Slight,<5 hours,Friendships or relationships,,18-19,Second year,Woman,,East Asian,,Yes,Transfer,,Business,,Somewhat confident,15+ credits,All/mostly in-person,1-9 hours,5,5,4,5,4,4,4,5,4,5,5,5,5,4,5,4,4,2,1,2,3,0,1,1,4,5,1,4.5,4.57
12,Agree,Agree,Neither agree nor disagree,Agree,Neither agree nor disagree,Strongly agree,Strongly agree,Neither agree nor disagree,Agree,Strongly agree,Work responsibilities,,Agree,Neither agree nor disagree,Strongly agree,Agree,Strongly agree,Agree,Strongly agree,Very often,Sometimes,Very often,Very often,Rarely,Very,5-10 hours,Financial stability,,22-25,Third year or beyond,Man,,Latino/Hispanic,,No,Associate degree,,STEM,,Very confident,6-8 credits,About equal,30+ hours,4,4,3,4,3,5,5,3,4,5,4,3,5,4,5,4,5,4,2,4,4,1,3,2,5,2,4,4.0,4.29
13,Disagree,Neither agree nor disagree,Strongly agree,Strongly agree,Neither agree nor disagree,Disagree,Agree,Disagree,Strongly disagree,Agree,Motivation/discipline,,Neither agree nor disagree,Neither agree nor disagree,Strongly disagree,Strongly agree,Agree,Agree,Disagree,Rarely,Often,Never,Rarely,Sometimes,Slight,5-10 hours,Enjoying life,,20-21,Second year,Prefer not to say,,South Asian,,No,Transfer,,Social sciences,,No major chosen,15+ credits,More in-person,10-19 hours,2,3,5,5,3,2,4,2,1,4,3,3,1,5,4,4,2,1,3,0,1,2,1,2,,5,2,3.1,3.14
14,Agree,Disagree,Neither agree nor disagree,Strongly disagree,Neither agree nor disagree,Neither agree nor disagree,Agree,Neither agree nor disagree,Agree,Disagree,Motivation/discipline,,Disagree,Disagree,Neither agree nor disagree,Disagree,Disagree,Strongly disagree,Neither agree nor disagree,Sometimes,Rarely,Very often,Rarely,Never,Moderate,11-19 hours,Doing well in school,,18-19,First year,Woman,,South Asian,,Yes,Transfer,,Humanities,,Very confident,15+ credits,More in-person,1-9 hours,4,2,3,1,3,3,4,3,4,2,2,2,3,2,2,1,3,2,1,4,1,0,2,3,5,5,1,2.9,2.14
15,Agree,Neither agree nor disagree,Disagree,Neither agree nor disagree,Agree,Neither agree nor disagree,Agree,Agree,Agree,Agree,Mental health/emotional stress,,Agree,Neither agree nor disagree,Agree,Agree,Agree,Agree,Agree,Often,Very often,Sometimes,,Never,Not at all,5-10 hours,Family responsibilities,,18-19,First year,Woman,,Middle Eastern/North African,,No,Associate degree,,Health professions,,Somewhat confident,12-14 credits,More online,0 hours,4,3,2,3,4,3,4,4,4,4,4,3,4,4,4,4,4,3,4,2,,0,0,2,4,4,0,3.5,3.86
16,Strongly agree,Agree,Strongly agree,Agree,Strongly agree,Agree,Strongly agree,Disagree,Strongly agree,Strongly agree,Physical health/low energy,,Strongly disagree,Strongly agree,Strongly agree,Strongly agree,Strongly agree,Strongly disagree,Strongly agree,Often,Rarely,Rarely,Sometimes,Never,Slight,5-10 hours,Doing well in school,,22-25,Second year,Man,,Middle Eastern/North African,,No,Transfer,,Social sciences,,Very confident,12-14 credits,More online,20-29 hours,5,4,5,4,5,4,5,2,5,5,1,5,5,5,5,1,5,3,1,1,2,0,1,2,5,4,3,4.4,3.86
17,Agree,Agree,Neither agree nor disagree,Agree,Neither agree nor disagree,Agree,Agree,Agree,Neither agree nor disagree,Agree,Mental health/emotional stress,,Neither agree nor disagree,Neither agree nor disagree,Agree,Agree,Agree,Disagree,Agree,Often,Sometimes,Often,Sometimes,Never,Not at all,5-10 hours,Doing well in school,,18-19,First year,Woman,,Multiracial,,Yes,Transfer,,Undecided,,Unsure,12-14 credits,About equal,0 hours,4,4,3,4,3,4,4,4,3,4,3,3,4,4,4,2,4,3,2,3,2,0,0,2,3,4,0,3.7,3.43
18,Strongly agree,Agree,Strongly agree,Strongly agree,Strongly agree,Strongly agree,Agree,Strongly agree,Strongly agree,Strongly agree,Family/caregiving responsibilities,,Agree,Strongly agree,Agree,Strongly agree,Strongly agree,Strongly agree,Strongly agree,Often,Never,Sometimes,Often,Never,Slight,5-10 hours,Mental/emotional well-being,,26 or older,Second year,Man,,East Asian,,No,Transfer,,Health professions,,Somewhat confident,12-14 credits,All/mostly in-person,0 hours,5,4,5,5,5,5,4,5,5,5,4,5,4,5,5,5,5,3,0,2,3,0,1,2,4,4,0,4.8,4.71
19,Strongly agree,Strongly agree,Neither agree nor disagree,Agree,Strongly agree,Strongly agree,Strongly agree,Strongly agree,Agree,Agree,Mental health/emotional stress,,Agree,Agree,Agree,Neither agree nor disagree,Agree,Neither agree nor disagree,Strongly agree,Often,Sometimes,Very often,Rarely,Never,Not at all,5-10 hours,Financial stability,,18-19,First year,Woman,,White,,Not sure,Associate degree,,Business,,Somewhat confident,12-14 credits,All/mostly in-person,1-9 hours,5,5,3,4,5,5,5,5,4,4,4,4,4,3,4,3,5,3,2,4,1,0,0,2,4,4,1,4.5,3.86
20,Agree,Strongly agree,Neither agree nor disagree,Disagree,Disagree,Neither agree nor disagree,Agree,Disagree,Agree,Agree,Mental health/emotional stress,,Agree,Neither agree nor disagree,Strongly agree,Strongly disagree,Disagree,Disagree,Disagree,Often,Sometimes,Often,Very often,Often,Moderate,5-10 hours,Enjoying life,,18-19,Second year,Man,,White,,No,Transfer,,Social sciences,,Somewhat confident,15+ credits,More in-person,20-29 hours,4,5,3,2,2,3,4,2,4,4,4,3,5,1,2,2,2,3,2,3,4,3,2,2,4,5,3,3.3,2.71
21,Agree,Agree,Agree,Agree,Agree,Agree,Agree,Agree,Agree,Agree,Family/caregiving responsibilities,,Agree,Agree,Agree,Agree,Agree,Agree,Not applicable,Often,Sometimes,Sometimes,Often,Never,Not at all,20+ hours,Doing well in school,,26 or older,First year,Woman,,South Asian,,No,Transfer,,Health professions,,Very confident,12-14 credits,More online,1-9 hours,4,4,4,4,4,4,4,4,4,4,4,4,4,4,4,4,,3,2,2,3,0,0,4,5,4,1,4.0,4.0
22,Disagree,Neither agree nor disagree,Strongly agree,Neither agree nor disagree,Neither agree nor disagree,Neither agree nor disagree,Neither agree nor disagree,Disagree,Disagree,Neither agree nor disagree,Motivation/discipline,,Agree,Strongly agree,Neither agree nor disagree,Agree,Agree,Agree,Strongly agree,,Sometimes,Often,Often,Never,Not at all,5-10 hours,Figuring out my future,,20-21,Second year,Man,,Southeast Asian,,Yes,Associate degree,,Business,,Unsure,9-11 credits,All/mostly in-person,1-9 hours,2,3,5,3,3,3,3,2,2,3,4,5,3,4,4,4,5,,2,3,3,0,0,2,3,3,1,2.9,4.14
23,Neither agree nor disagree,Strongly agree,Agree,Neither agree nor disagree,Agree,Agree,Strongly agree,Neither agree nor disagree,Strongly agree,Agree,Mental health/emotional stress,,Disagree,Strongly agree,Neither agree nor disagree,Agree,Neither agree nor disagree,Strongly disagree,Agree,Sometimes,Often,Very often,Often,Never,Moderate,5-10 hours,Doing well in school,,18-19,First year,Woman,,Southeast Asian,,No,Transfer,,Health professions,,Somewhat confident,15+ credits,All/mostly in-person,10-19 hours,3,5,4,3,4,4,5,3,5,4,2,5,3,4,3,1,4,2,3,4,3,0,2,2,4,5,2,4.0,3.14
24,Strongly agree,Strongly agree,Strongly agree,Strongly agree,Strongly agree,Strongly agree,,Strongly agree,Strongly agree,Strongly agree,Family/caregiving responsibilities,,Agree,Strongly agree,Strongly agree,Strongly agree,Agree,Agree,Not applicable,Very often,Never,Rarely,Sometimes,Never,Extreme,20+ hours,Family responsibilities,,26 or older,Second year,Woman,,Middle Eastern/North African,,No,Transfer,,Business,,Unsure,9-11 credits,More online,0 hours,5,5,5,5,5,5,,5,5,5,4,5,5,5,4,4,,4,0,1,2,0,4,4,3,3,0,5.0,4.5
25,Agree,Strongly agree,Agree,Strongly disagree,Disagree,Strongly disagree,Strongly disagree,Strongly disagree,Agree,Agree,Mental health/emotional stress,,Agree,Strongly agree,Neither agree nor disagree,Neither agree nor disagree,Agree,Agree,Strongly disagree,Rarely,Very often,Rarely,Sometimes,Very often,Extreme,<5 hours,Financial stability,,20-21,Third year or beyond,Man,,Multiracial,,No,Transfer,,Health professions,,Somewhat confident,1-5 credits,All/mostly in-person,30+ hours,4,5,4,1,2,1,1,1,4,4,4,5,3,3,4,4,1,1,4,1,2,4,4,1,4,1,4,2.7,3.43
26,Agree,Agree,Neither agree nor disagree,Agree,Agree,Agree,Agree,Strongly agree,Agree,Agree,Motivation/discipline,,Agree,Neither agree nor disagree,Strongly agree,Agree,Neither agree nor disagree,Disagree,Strongly agree,Often,Rarely,Very often,Often,Never,Slight,<5 hours,Figuring out my future,,20-21,Second year,Man,,Multiracial,,Yes,Transfer,,Undecided,,Not confident at all,12-14 credits,All/mostly online,1-9 hours,4,4,3,4,4,4,4,5,4,4,4,3,5,4,3,2,5,3,1,4,3,0,1,1,1,4,1,4.0,3.71
27,Agree,Agree,Neither agree nor disagree,Agree,Agree,Agree,Neither agree nor disagree,Agree,Agree,Agree,Family/caregiving responsibilities,,Disagree,Neither agree nor disagree,Agree,Agree,Agree,Agree,Agree,Often,Often,Very often,Sometimes,Never,Slight,5-10 hours,Doing well in school,,18-19,First year,Woman,,Multiracial,,No,Associate degree,,Health professions,,Very confident,15+ credits,All/mostly in-person,20-29 hours,4,4,3,4,4,4,3,4,4,4,2,3,4,4,4,4,4,3,3,4,2,0,1,2,5,5,3,3.8,3.57
28,Disagree,Agree,Neither agree nor disagree,Disagree,Strongly disagree,Agree,Disagree,Disagree,Agree,Agree,Other,"Its a combination of things work, money, stress,fatigue I am a good student but feels like im droning away and never have rime for anything but school work and bills",Neither agree nor disagree,Strongly disagree,Strongly disagree,Disagree,Agree,Neither agree nor disagree,Disagree,Rarely,Sometimes,Rarely,Sometimes,Never,Very,<5 hours,Enjoying life,,26 or older,Third year or beyond,Woman,,Multiracial,,No,Transfer,,STEM,,Not confident at all,9-11 credits,More online,30+ hours,2,4,3,2,1,4,2,2,4,4,3,1,1,2,4,3,2,1,2,1,2,0,3,1,1,3,4,2.8,2.29
29,Agree,Strongly agree,Agree,Strongly agree,Disagree,Strongly agree,Disagree,Strongly agree,Disagree,Strongly agree,Teaching style/quality,,Strongly agree,Strongly agree,Strongly agree,Strongly agree,Strongly agree,Neither agree nor disagree,Not applicable,Rarely,Rarely,Very often,Very often,Never,Not at all,<5 hours,Doing well in school,,18-19,First year,Man,,East Asian,,Yes,Transfer,,STEM,,Not very confident,15+ credits,More in-person,0 hours,4,5,4,5,2,5,2,5,2,5,5,5,5,5,5,3,,1,1,4,4,0,0,1,2,5,0,3.9,4.67
30,Agree,Agree,Strongly agree,Neither agree nor disagree,Agree,Agree,Strongly agree,Agree,Strongly agree,Strongly agree,Motivation/discipline,,Agree,Agree,Agree,Agree,Strongly agree,Disagree,Neither agree nor disagree,Very often,Sometimes,Often,Sometimes,Never,Slight,5-10 hours,Friendships or relationships,,18-19,First year,Man,,Latino/Hispanic,,No,Transfer,,Health professions,,Somewhat confident,12-14 credits,All/mostly in-person,0 hours,4,4,5,3,4,4,5,4,5,5,4,4,4,4,5,2,3,4,2,3,2,0,1,2,4,4,0,4.3,3.71
31,Agree,Strongly agree,Strongly agree,Agree,Strongly agree,Agree,Strongly agree,Agree,Agree,Agree,Nothing holding me back,,Strongly agree,Strongly agree,Strongly agree,Neither agree nor disagree,Agree,Strongly agree,Strongly agree,Very often,Rarely,Often,Very often,Never,Moderate,5-10 hours,Enjoying life,,20-21,Second year,Man,,White,,Yes,Transfer,,STEM,,Somewhat confident,15+ credits,More in-person,0 hours,4,5,5,4,5,4,5,4,4,4,5,5,5,3,4,5,5,4,1,3,4,0,2,2,4,5,0,4.4,4.57
32,Strongly agree,Neither agree nor disagree,Neither agree nor disagree,Disagree,Neither agree nor disagree,Agree,Agree,Disagree,Agree,Strongly agree,Motivation/discipline,,Neither agree nor disagree,Agree,Agree,Agree,Strongly agree,Strongly disagree,Neither agree nor disagree,Often,Sometimes,Sometimes,Rarely,Never,Moderate,5-10 hours,Financial stability,,22-25,Third year or beyond,Nonbinary,,Multiracial,,No,Transfer,,Social sciences,,Very confident,6-8 credits,About equal,20-29 hours,5,3,3,2,3,4,4,2,4,5,3,4,4,4,5,1,3,3,2,2,1,0,2,2,5,2,3,3.5,3.43
33,Agree,Agree,Strongly agree,Agree,Agree,Neither agree nor disagree,Disagree,Agree,Neither agree nor disagree,Agree,Mental health/emotional stress,,Agree,Strongly agree,Strongly agree,Strongly agree,Strongly agree,Agree,Strongly agree,Often,Sometimes,Often,Never,Very often,Very,5-10 hours,Doing well in school,,20-21,First year,Woman,,White,,No,Transfer,,Business,,Somewhat confident,15+ credits,All/mostly in-person,0 hours,4,4,5,4,4,3,2,4,3,4,4,5,5,5,5,4,5,3,2,3,0,4,3,2,4,5,0,3.7,4.71
34,Agree,Agree,Neither agree nor disagree,Agree,Agree,Agree,Neither agree nor disagree,Neither agree nor disagree,Agree,Agree,Teaching style/quality,,Agree,Agree,Strongly agree,Agree,Agree,Neither agree nor disagree,Strongly agree,Rarely,Rarely,Sometimes,Rarely,Never,Slight,<5 hours,Mental/emotional well-being,,26 or older,Second year,Woman,,Latino/Hispanic,,No,Associate degree,,Health professions,,Very confident,6-8 credits,More in-person,30+ hours,4,4,3,4,4,4,3,3,4,4,4,4,5,4,4,3,5,1,1,2,1,0,1,1,5,2,4,3.7,4.14
35,Neither agree nor disagree,Neither agree nor disagree,Agree,Agree,Disagree,Agree,Agree,Agree,Agree,Agree,Mental health/emotional stress,,Agree,Agree,Agree,Neither agree nor disagree,Agree,Disagree,Agree,Often,Sometimes,Often,Sometimes,Never,Very,5-10 hours,Financial stability,,20-21,Third year or beyond,Woman,,East Asian,,Yes,Transfer,,Business,,Somewhat confident,12-14 credits,All/mostly in-person,1-9 hours,3,3,4,4,2,4,4,4,4,4,4,4,4,3,4,2,4,3,2,3,2,0,3,2,4,4,1,3.6,3.57
36,Agree,Agree,Agree,Disagree,Agree,Neither agree nor disagree,Agree,Agree,Neither agree nor disagree,Agree,Work responsibilities,,Agree,Agree,Strongly agree,Disagree,Strongly agree,Disagree,Agree,Very often,Rarely,Sometimes,Very often,Often,Slight,11-19 hours,Doing well in school,,26 or older,Second year,Man,,White,,No,Associate degree,,Humanities,,Somewhat confident,6-8 credits,All/mostly in-person,0 hours,4,4,4,2,4,3,4,4,3,4,4,4,5,2,5,2,4,4,1,2,4,3,1,3,4,2,0,3.6,3.71
37,Agree,Agree,Agree,Neither agree nor disagree,Agree,Strongly agree,Agree,Disagree,Agree,Neither agree nor disagree,Mental health/emotional stress,,Agree,Neither agree nor disagree,Neither agree nor disagree,Agree,Neither agree nor disagree,Strongly disagree,Agree,Sometimes,Sometimes,Often,Very often,Never,Moderate,5-10 hours,Doing well in school,,18-19,First year,Man,,Southeast Asian,,Yes,Transfer,,Health professions,,Somewhat confident,12-14 credits,All/mostly in-person,10-19 hours,4,4,4,3,4,5,4,2,4,3,4,3,3,4,3,1,4,2,2,3,4,0,2,2,4,4,2,3.7,3.14
38,Agree,Agree,Agree,Agree,Agree,Neither agree nor disagree,Agree,Neither agree nor disagree,Strongly agree,Agree,Mental health/emotional stress,,Strongly agree,Agree,Strongly agree,Agree,Strongly agree,Agree,Strongly agree,Often,Sometimes,Very often,Very often,Often,Very,11-19 hours,Friendships or relationships,,18-19,First year,Man,,East Asian,,Yes,Transfer,,,,Unsure,15+ credits,All/mostly in-person,0 hours,4,4,4,4,4,3,4,3,5,4,5,4,5,4,5,4,5,3,2,4,4,3,3,3,3,5,0,3.9,4.57
39,Neither agree nor disagree,Agree,Agree,Strongly agree,Neither agree nor disagree,Neither agree nor disagree,Agree,Neither agree nor disagree,Agree,Neither agree nor disagree,Not prepared for college-level work,,Agree,Disagree,Agree,Agree,Neither agree nor disagree,Neither agree nor disagree,Strongly agree,Often,Sometimes,Often,Sometimes,Never,Moderate,5-10 hours,Doing well in school,,18-19,First year,Woman,,Latino/Hispanic,,No,Transfer,,Health professions,,Unsure,12-14 credits,All/mostly in-person,20-29 hours,3,4,4,5,3,3,4,3,4,3,4,2,4,4,3,3,5,3,2,3,2,0,2,2,3,4,3,3.6,3.57
40,Neither agree nor disagree,Strongly agree,Agree,Neither agree nor disagree,Agree,Strongly agree,Neither agree nor disagree,Agree,Neither agree nor disagree,Agree,Mental health/emotional stress,,Disagree,Strongly agree,Strongly agree,Strongly agree,Strongly agree,Strongly disagree,Agree,Very often,Often,Very often,Often,Sometimes,Extreme,5-10 hours,Financial stability,,22-25,Second year,Man,,Southeast Asian,,Not sure,Transfer,,STEM,,Somewhat confident,9-11 credits,All/mostly in-person,30+ hours,3,5,4,3,4,5,3,4,3,4,2,5,5,5,5,1,4,4,3,4,3,2,4,2,4,3,4,3.8,3.86
41,,,,,,,,,,,,,,,,,,,,,,,,,,,,,,,,,,,,,,,,,,,,,,,,,,,,,,,,,,,,,,,,,,,,,,,,
42,Strongly disagree,Agree,Strongly agree,Neither agree nor disagree,Agree,Strongly disagree,Neither agree nor disagree,Disagree,Neither agree nor disagree,Agree,Motivation/discipline,,Agree,Strongly agree,Agree,Agree,Agree,Neither agree nor disagree,Strongly agree,Often,Rarely,Often,Often,Sometimes,Moderate,<5 hours,Financial stability,,18-19,First year,Woman,,Latino/Hispanic,,No,Transfer,,Social sciences,,Very confident,15+ credits,All/mostly in-person,20-29 hours,1,4,5,3,4,1,3,2,3,4,4,5,4,4,4,3,5,3,1,3,3,2,2,1,5,5,3,3.0,4.14
43,Agree,Neither agree nor disagree,Disagree,Neither agree nor disagree,Agree,Neither agree nor disagree,Neither agree nor disagree,Agree,Disagree,Neither agree nor disagree,Not prepared for college-level work,,Agree,Neither agree nor disagree,Neither agree nor disagree,Agree,Agree,Disagree,Agree,Often,Sometimes,Very often,Rarely,Sometimes,Moderate,<5 hours,Financial stability,,18-19,First year,Woman,,Multiracial,,Yes,Transfer,,Business,,Somewhat confident,15+ credits,More in-person,20-29 hours,4,3,2,3,4,3,3,4,2,3,4,3,3,4,4,2,4,3,2,4,1,2,2,1,4,5,3,3.1,3.43
44,Agree,Neither agree nor disagree,Neither agree nor disagree,Agree,Agree,Disagree,Agree,Agree,Agree,Agree,Work responsibilities,,Disagree,Neither agree nor disagree,Neither agree nor disagree,Agree,Disagree,Disagree,Strongly disagree,Often,Often,Sometimes,Sometimes,Sometimes,Extreme,20+ hours,Financial stability,,20-21,First year,Woman,,Pacific Islander,,No,Transfer,,Social sciences,,Somewhat confident,15+ credits,All/mostly online,20-29 hours,4,3,3,4,4,2,4,4,4,4,2,3,3,4,2,2,1,3,3,2,2,2,4,4,4,5,3,3.6,2.43
45,Agree,Agree,Agree,Agree,Strongly agree,Neither agree nor disagree,Agree,Agree,Agree,Strongly agree,Not prepared for college-level work,,Strongly agree,Agree,Strongly agree,Agree,Strongly agree,Strongly agree,Agree,Very often,Never,Sometimes,Rarely,Prefer not to say,Slight,<5 hours,Doing well in school,,20-21,First year,Woman,,South Asian,,Yes,Transfer,,Social sciences,,Very confident,6-8 credits,All/mostly in-person,0 hours,4,4,4,4,5,3,4,4,4,5,5,4,5,4,5,5,4,4,0,2,1,,1,1,5,2,0,4.1,4.57
46,Strongly agree,Agree,Agree,Neither agree nor disagree,Strongly agree,Strongly agree,Agree,Neither agree nor disagree,Strongly agree,Neither agree nor disagree,Mental health/emotional stress,,Neither agree nor disagree,Neither agree nor disagree,Strongly agree,Neither agree nor disagree,Agree,Neither agree nor disagree,Agree,Very often,Rarely,Often,Sometimes,Sometimes,Extreme,5-10 hours,Enjoying life,,18-19,First year,Woman,,Southeast Asian,,No,Transfer,,Health professions,,Somewhat confident,12-14 credits,More online,10-19 hours,5,4,4,3,5,5,4,3,5,3,3,3,5,3,4,3,4,4,1,3,2,2,4,2,4,4,2,4.1,3.57
47,Strongly agree,Agree,Neither agree nor disagree,Neither agree nor disagree,Strongly agree,Strongly agree,Agree,Agree,Neither agree nor disagree,Agree,Motivation/discipline,,Neither agree nor disagree,Agree,Agree,Disagree,Disagree,Strongly agree,Agree,Often,Sometimes,Sometimes,Very often,Often,Slight,5-10 hours,Financial stability,,22-25,First year,Woman,,East Asian,,Yes,Transfer,,STEM,,Somewhat confident,15+ credits,About equal,20-29 hours,5,4,3,3,5,5,4,4,3,4,3,4,4,2,2,5,4,3,2,2,4,3,1,2,4,5,3,4.0,3.43
48,Agree,Agree,Agree,,Agree,Agree,Agree,Agree,Agree,Agree,Motivation/discipline,,Agree,Agree,Agree,Strongly agree,Agree,Disagree,Strongly agree,Often,Rarely,Sometimes,Often,Rarely,Slight,5-10 hours,Financial stability,,18-19,First year,Woman,,Latino/Hispanic,,No,Transfer,,Social sciences,,Somewhat confident,15+ credits,All/mostly in-person,20-29 hours,4,4,4,,4,4,4,4,4,4,4,4,4,5,4,2,5,3,1,2,3,1,1,2,4,5,3,4.0,4.0
49,Agree,Agree,Agree,Agree,Agree,Agree,Agree,Agree,Agree,Agree,Motivation/discipline,,Neither agree nor disagree,Disagree,Strongly agree,Agree,Agree,Disagree,Strongly disagree,Very often,Rarely,Sometimes,Very often,Never,Slight,11-19 hours,Enjoying life,,Prefer not to say,First year,Man,,Latino/Hispanic,,No,Transfer,,Business,,Very confident,12-14 credits,About equal,30+ hours,4,4,4,4,4,4,4,4,4,4,3,2,5,4,4,2,1,4,1,2,4,0,1,3,5,4,4,4.0,3.0
50,Neither agree nor disagree,Agree,Neither agree nor disagree,Agree,Strongly agree,Agree,Neither agree nor disagree,Neither agree nor disagree,Neither agree nor disagree,Agree,Motivation/discipline,,Neither agree nor disagree,Strongly agree,Strongly agree,Strongly agree,Agree,Agree,Strongly agree,Very often,Sometimes,Often,Often,Never,Slight,11-19 hours,Friendships or relationships,,18-19,Third year or beyond,Man,,South Asian,,Yes,Transfer,,STEM,,Very confident,15+ credits,More in-person,0 hours,3,4,3,4,5,4,3,3,3,4,3,5,5,5,4,4,5,4,2,3,3,0,1,3,5,5,0,3.6,4.43
51,Neither agree nor disagree,Disagree,Agree,Neither agree nor disagree,Neither agree nor disagree,Neither agree nor disagree,Neither agree nor disagree,Neither agree nor disagree,Neither agree nor disagree,Strongly disagree,Motivation/discipline,,Neither agree nor disagree,Strongly agree,Agree,Agree,Agree,Strongly disagree,Neither agree nor disagree,Sometimes,Rarely,Very often,Never,Never,Slight,<5 hours,Doing well in school,,20-21,Third year or beyond,Woman,,East Asian,,No,Transfer,,STEM,,Somewhat confident,12-14 credits,All/mostly in-person,1-9 hours,3,2,4,3,3,3,3,3,3,1,3,5,4,4,4,1,3,2,1,4,0,0,1,1,4,4,1,2.8,3.43
52,Strongly agree,Strongly agree,Agree,Agree,Strongly agree,Strongly agree,Strongly agree,Agree,Strongly agree,Agree,Motivation/discipline,,Agree,Strongly agree,Strongly agree,Agree,Agree,Agree,Strongly agree,Very often,Sometimes,Often,Often,Never,Moderate,5-10 hours,Doing well in school,,18-19,First year,Man,,Middle Eastern/North African,,Yes,Transfer,,Business,,Very confident,9-11 credits,All/mostly in-person,0 hours,5,5,4,4,5,5,5,4,5,4,4,5,5,4,4,4,5,4,2,3,3,0,2,2,5,3,0,4.6,4.43
53,Agree,Agree,Neither agree nor disagree,Neither agree nor disagree,Agree,Agree,Agree,Disagree,Agree,Agree,Physical health/low energy,,Neither agree nor disagree,Neither agree nor disagree,Neither agree nor disagree,Agree,Neither agree nor disagree,Disagree,Disagree,Often,Sometimes,Rarely,Rarely,Never,Very,5-10 hours,Figuring out my future,,26 or older,Prefer not to say,Woman,,East Asian,,Yes,Other,master program,STEM,,Not very confident,12-14 credits,All/mostly in-person,0 hours,4,4,3,3,4,4,4,2,4,4,3,3,3,4,3,2,2,3,2,1,1,0,3,2,2,4,0,3.6,2.86
54,Agree,Strongly agree,Agree,Neither agree nor disagree,Agree,Agree,Agree,Agree,Agree,Agree,Mental health/emotional stress,,Disagree,Agree,Neither agree nor disagree,Disagree,Neither agree nor disagree,Neither agree nor disagree,Strongly agree,Sometimes,Sometimes,Rarely,Sometimes,Never,Very,<5 hours,Enjoying life,,26 or older,First year,Woman,,Southeast Asian,,Yes,Associate degree,,Health professions,,Not very confident,12-14 credits,More in-person,0 hours,4,5,4,3,4,4,4,4,4,4,2,4,3,2,3,3,5,2,2,1,2,0,3,1,2,4,0,4.0,3.14
55,Agree,Agree,Agree,Agree,Agree,Agree,Agree,Agree,Agree,Agree,Physical health/low energy,,Agree,Strongly agree,Agree,Agree,Agree,Agree,Agree,Often,Sometimes,Often,Very often,Often,Very,5-10 hours,Financial stability,,26 or older,Second year,Man,,Black/African American,,Not sure,Transfer,,STEM,,Very confident,12-14 credits,All/mostly in-person,1-9 hours,4,4,4,4,4,4,4,4,4,4,4,5,4,4,4,4,4,3,2,3,4,3,3,2,5,4,1,4.0,4.14
56,Agree,Agree,Agree,Agree,Disagree,Disagree,Agree,Agree,Neither agree nor disagree,Agree,Motivation/discipline,,Agree,Agree,Agree,Agree,Agree,Agree,Agree,Often,Rarely,Often,Often,Rarely,Very,5-10 hours,Figuring out my future,,22-25,First year,Man,,East Asian,,No,Transfer,,STEM,,Somewhat confident,12-14 credits,About equal,0 hours,4,4,4,4,2,2,4,4,3,4,4,4,4,4,4,4,4,3,1,3,3,1,3,2,4,4,0,3.5,4.0
57,Agree,Agree,Agree,Agree,Agree,Strongly agree,Agree,Agree,Agree,Neither agree nor disagree,Motivation/discipline,,Agree,Agree,Agree,Neither agree nor disagree,Agree,Disagree,Neither agree nor disagree,Often,Rarely,Sometimes,Sometimes,Rarely,Prefer not to say,11-19 hours,Figuring out my future,,18-19,Second year,Woman,,East Asian,,No,Transfer,,Business,,Somewhat confident,15+ credits,More online,10-19 hours,4,4,4,4,4,5,4,4,4,3,4,4,4,3,4,2,3,3,1,2,2,1,,3,4,5,2,4.0,3.43
58,Agree,Agree,Neither agree nor disagree,Agree,Agree,Agree,Agree,Agree,Neither agree nor disagree,Agree,Motivation/discipline,,Agree,Neither agree nor disagree,Agree,Agree,Agree,Agree,Agree,Often,Rarely,Sometimes,Sometimes,Never,Not at all,5-10 hours,Mental/emotional well-being,,20-21,Second year,Woman,,East Asian,,Yes,Transfer,,Business,,Somewhat confident,12-14 credits,About equal,1-9 hours,4,4,3,4,4,4,4,4,3,4,4,3,4,4,4,4,4,3,1,2,2,0,0,2,4,4,1,3.8,3.86
59,Agree,Neither agree nor disagree,Neither agree nor disagree,Agree,Agree,Neither agree nor disagree,Disagree,Disagree,Disagree,Agree,Physical health/low energy,,Strongly disagree,Strongly agree,Agree,Agree,Disagree,Strongly disagree,Agree,Rarely,Sometimes,Very often,Often,Never,Slight,20+ hours,Doing well in school,,18-19,First year,Man,,South Asian,,Not sure,Transfer,,STEM,,Very confident,15+ credits,About equal,0 hours,4,3,3,4,4,3,2,2,2,4,1,5,4,4,2,1,4,1,2,4,3,0,1,4,5,5,0,3.1,3.0
60,Agree,Agree,Neither agree nor disagree,Agree,Neither agree nor disagree,Neither agree nor disagree,Neither agree nor disagree,Disagree,Strongly agree,Agree,Motivation/discipline,,Agree,Strongly agree,Neither agree nor disagree,Disagree,Strongly agree,Agree,Agree,Sometimes,Very often,Very often,Very often,Never,Not at all,5-10 hours,Doing well in school,,17 or younger,Second year,Prefer not to say,,East Asian,,Yes,Transfer,,Business,,Not confident at all,15+ credits,About equal,1-9 hours,4,4,3,4,3,3,3,2,5,4,4,5,3,2,5,4,4,2,4,4,4,0,0,2,1,5,1,3.5,3.86
61,Agree,Disagree,Strongly agree,Agree,Agree,Agree,Agree,Agree,Agree,Agree,Motivation/discipline,,Agree,Strongly agree,Agree,Agree,Neither agree nor disagree,Disagree,Agree,Sometimes,Sometimes,Very often,Sometimes,Often,Moderate,<5 hours,Enjoying life,,20-21,Second year,Woman,,Southeast Asian,,Yes,Transfer,,STEM,,Somewhat confident,15+ credits,All/mostly in-person,10-19 hours,4,2,5,4,4,4,4,4,4,4,4,5,4,4,3,2,4,2,2,4,2,3,2,1,4,5,2,3.9,3.71
62,Agree,Strongly agree,Neither agree nor disagree,Agree,Agree,Agree,Agree,Agree,Agree,Agree,Motivation/discipline,,Agree,Neither agree nor disagree,Strongly agree,Agree,Strongly agree,Agree,Strongly agree,Very often,Sometimes,Often,Often,Never,Moderate,5-10 hours,Doing well in school,,18-19,First year,Man,,Multiracial,White and Asian,Yes,Other,Just get good grades and pass,Other,Communications,Somewhat confident,12-14 credits,About equal,1-9 hours,4,5,3,4,4,4,4,4,4,4,4,3,5,4,5,4,5,4,2,3,3,0,2,2,4,4,1,4.0,4.29
63,Agree,Agree,Agree,Agree,Disagree,Disagree,Agree,Agree,Agree,Disagree,Motivation/discipline,,Strongly disagree,Strongly agree,Agree,Strongly agree,Agree,Strongly disagree,Neither agree nor disagree,Sometimes,Sometimes,Sometimes,Sometimes,Rarely,Extreme,20+ hours,Other,personal growth,20-21,Third year or beyond,Woman,,East Asian,,Yes,Transfer,,Business,,Unsure,15+ credits,About equal,0 hours,4,4,4,4,2,2,4,4,4,2,1,5,4,5,4,1,3,2,2,2,2,1,4,4,3,5,0,3.4,3.29
64,Agree,Disagree,Agree,Disagree,Disagree,Agree,Agree,Strongly disagree,Agree,Neither agree nor disagree,Mental health/emotional stress,,Agree,Neither agree nor disagree,Strongly agree,Agree,Agree,Agree,Strongly agree,Very often,Sometimes,Often,Sometimes,Often,Slight,5-10 hours,Figuring out my future,,18-19,Second year,Man,,South Asian,,Yes,Transfer,,Social sciences,,Somewhat confident,9-11 credits,More in-person,0 hours,4,2,4,2,2,4,4,1,4,3,4,3,5,4,4,4,5,4,2,3,2,3,1,2,4,3,0,3.0,4.14
65,Agree,Agree,Neither agree nor disagree,Agree,Neither agree nor disagree,Agree,Agree,Neither agree nor disagree,Agree,Agree,Family/caregiving responsibilities,,Neither agree nor disagree,Agree,Agree,Agree,Agree,Disagree,Agree,Sometimes,Often,Sometimes,Sometimes,Never,Slight,11-19 hours,Family responsibilities,,26 or older,First year,Woman,,East Asian,,No,Associate degree,,Health professions,,Somewhat confident,9-11 credits,All/mostly in-person,0 hours,4,4,3,4,3,4,4,3,4,4,3,4,4,4,4,2,4,2,3,2,2,0,1,3,4,3,0,3.7,3.57
66,Agree,Agree,Agree,Neither agree nor disagree,Strongly agree,Strongly agree,Agree,Neither agree nor disagree,Agree,Strongly agree,Motivation/discipline,,Strongly agree,Strongly agree,Agree,Agree,Strongly agree,Strongly disagree,Agree,Often,Sometimes,Very often,Rarely,Never,Slight,5-10 hours,Other,"Self-improvement, which encompasses a lot of the provided options",18-19,First year,Man,,East Asian,,No,Transfer,,Social sciences,,Very confident,15+ credits,More in-person,0 hours,4,4,4,3,5,5,4,3,4,5,5,5,4,4,5,1,4,3,2,4,1,0,1,2,5,5,0,4.1,4.0
67,Agree,Disagree,Neither agree nor disagree,Neither agree nor disagree,Neither agree nor disagree,Agree,Agree,Agree,Neither agree nor disagree,Neither agree nor disagree,Not prepared for college-level work,,Disagree,Neither agree nor disagree,Agree,Agree,Neither agree nor disagree,Disagree,Strongly agree,Often,Often,Often,Often,Never,Slight,5-10 hours,Doing well in school,,18-19,First year,Woman,,South Asian,,Yes,Undecided,,Business,,Somewhat confident,12-14 credits,About equal,1-9 hours,4,2,3,3,3,4,4,4,3,3,2,3,4,4,3,2,5,3,3,3,3,0,1,2,4,4,1,3.3,3.29
68,Agree,Agree,Agree,Agree,Agree,Neither agree nor disagree,Agree,Agree,Agree,Agree,Mental health/emotional stress,,Neither agree nor disagree,Agree,Agree,Agree,Neither agree nor disagree,Neither agree nor disagree,Not applicable,Sometimes,Sometimes,Very often,Often,Never,Not at all,<5 hours,Enjoying life,,22-25,Second year,Prefer not to say,,Prefer not to say,,Prefer not to say,Associate degree,,Other,Studying for Vet tech Student/ helping animals,Somewhat confident,15+ credits,About equal,0 hours,4,4,4,4,4,3,4,4,4,4,3,4,4,4,3,3,,2,2,4,3,0,0,1,4,5,0,3.9,3.5
69,Neither agree nor disagree,Strongly agree,Agree,Neither agree nor disagree,Agree,Agree,Agree,Agree,Agree,Agree,Other,Daily stresses and life obsticles,Neither agree nor disagree,Agree,Agree,Agree,Disagree,Disagree,Agree,Often,Sometimes,Rarely,Sometimes,Never,Extreme,5-10 hours,Other,Being able to have stability,22-25,First year,Woman,,Multiracial,,No,Other,"associate degree, gain experience, graduate school",Health professions,,Very confident,12-14 credits,All/mostly in-person,0 hours,3,5,4,3,4,4,4,4,4,4,3,4,4,4,2,2,4,3,2,1,2,0,4,2,5,4,0,3.9,3.29
70,Agree,Agree,Strongly agree,Agree,Agree,Agree,Neither agree nor disagree,Agree,Agree,Agree,Other,Financial Stress,Neither agree nor disagree,Strongly agree,Agree,Agree,Disagree,Disagree,Neither agree nor disagree,Sometimes,Rarely,Often,Very often,Never,Very,<5 hours,Figuring out my future,,22-25,Third year or beyond,Woman,,Latino/Hispanic,,No,Transfer,,Business,,Somewhat confident,9-11 credits,All/mostly in-person,20-29 hours,4,4,5,4,4,4,3,4,4,4,3,5,4,4,2,2,3,2,1,3,4,0,3,1,4,3,3,4.0,3.29
71,Agree,Agree,Agree,Agree,Agree,Agree,Agree,Agree,Neither agree nor disagree,Neither agree nor disagree,Nothing holding me back,,Agree,Agree,Agree,Agree,Agree,Neither agree nor disagree,Strongly agree,Often,Rarely,Often,Very often,Never,Moderate,5-10 hours,Mental/emotional well-being,,18-19,First year,Man,,White,,Yes,Transfer,,Business,,Somewhat confident,15+ credits,More in-person,0 hours,4,4,4,4,4,4,4,4,3,3,4,4,4,4,4,3,5,3,1,3,4,0,2,2,4,5,0,3.8,4.0
72,Neither agree nor disagree,Agree,Neither agree nor disagree,Agree,Neither agree nor disagree,Agree,Strongly agree,Agree,Agree,Agree,Motivation/discipline,,Agree,Neither agree nor disagree,Agree,Agree,Agree,Neither agree nor disagree,Strongly agree,Sometimes,Sometimes,Often,Sometimes,Never,Moderate,5-10 hours,Doing well in school,,18-19,Second year,Woman,,Southeast Asian,,Not sure,Transfer,,Health professions,,Very confident,15+ credits,About equal,0 hours,3,4,3,4,3,4,5,4,4,4,4,3,4,4,4,3,5,2,2,3,2,0,2,2,5,5,0,3.8,3.86
73,Strongly agree,Strongly agree,Neither agree nor disagree,Strongly agree,Strongly agree,Strongly agree,Strongly agree,Strongly agree,Agree,Agree,Motivation/discipline,,Neither agree nor disagree,Neither agree nor disagree,Strongly agree,Neither agree nor disagree,Strongly agree,Agree,Not applicable,Very often,Rarely,Sometimes,Very often,Rarely,Slight,11-19 hours,Enjoying life,,Prefer not to say,First year,Man,,Latino/Hispanic,,No,Transfer,,Business,,Very confident,12-14 credits,About equal,30+ hours,5,5,3,5,5,5,5,5,4,4,3,3,5,3,5,4,,4,1,2,4,1,1,3,5,4,4,4.6,3.83
74,Agree,Agree,Neither agree nor disagree,Agree,Agree,Strongly agree,Neither agree nor disagree,Neither agree nor disagree,Neither agree nor disagree,Agree,Work responsibilities,,Disagree,Neither agree nor disagree,Agree,Neither agree nor disagree,Strongly agree,Agree,Agree,Often,Sometimes,Very often,Very often,Never,Moderate,5-10 hours,Figuring out my future,,18-19,Second year,Man,,South Asian,,No,Associate degree,,Undecided,,Unsure,12-14 credits,More in-person,10-19 hours,4,4,3,4,4,5,3,3,3,4,2,3,4,3,5,4,4,3,2,4,4,0,2,2,3,4,2,3.7,3.57
75,Agree,Neither agree nor disagree,Agree,Neither agree nor disagree,Agree,Agree,Strongly agree,Neither agree nor disagree,Agree,Agree,Work responsibilities,,Neither agree nor disagree,Neither agree nor disagree,Agree,Neither agree nor disagree,Agree,Agree,Strongly agree,Sometimes,Rarely,Often,Sometimes,Sometimes,Slight,5-10 hours,Doing well in school,,18-19,Second year,Woman,,Southeast Asian,,Yes,Transfer,,STEM,,Unsure,12-14 credits,More in-person,10-19 hours,4,3,4,3,4,4,5,3,4,4,3,3,4,3,4,4,5,2,1,3,2,2,1,2,3,4,2,3.8,3.71
76,Neither agree nor disagree,Disagree,Agree,Neither agree nor disagree,Disagree,Disagree,Strongly agree,Agree,Strongly agree,Strongly disagree,Mental health/emotional stress,,Disagree,Agree,Strongly agree,Neither agree nor disagree,Strongly agree,Neither agree nor disagree,Agree,Very often,Sometimes,Very often,Very often,Rarely,Extreme,<5 hours,Enjoying life,,18-19,First year,Woman,,Southeast Asian,,No,Transfer,,Social sciences,,Very confident,1-5 credits,All/mostly in-person,20-29 hours,3,2,4,3,2,2,5,4,5,1,2,4,5,3,5,3,4,4,2,4,4,1,4,1,5,1,3,3.1,3.71
77,Agree,Agree,Agree,Neither agree nor disagree,Agree,Agree,Strongly agree,Neither agree nor disagree,Agree,Neither agree nor disagree,Teaching style/quality,,Neither agree nor disagree,Strongly agree,Neither agree nor disagree,Agree,Strongly agree,Agree,Strongly agree,Often,Sometimes,Sometimes,Rarely,Never,Very,20+ hours,Doing well in school,,18-19,First year,Woman,,Middle Eastern/North African,,Not sure,Transfer,,Health professions,,Unsure,15+ credits,About equal,0 hours,4,4,4,3,4,4,5,3,4,3,3,5,3,4,5,4,5,3,2,2,1,0,3,4,3,5,0,3.8,4.14
78,Agree,Agree,Agree,Agree,Agree,Agree,Agree,Disagree,Agree,Agree,Mental health/emotional stress,,Neither agree nor disagree,Agree,Disagree,Agree,Neither agree nor disagree,Disagree,Neither agree nor disagree,Rarely,Sometimes,Often,Rarely,Never,Moderate,5-10 hours,Mental/emotional well-being,,20-21,First year,Woman,,Middle Eastern/North African,,No,Transfer,,Health professions,,Somewhat confident,12-14 credits,About equal,0 hours,4,4,4,4,4,4,4,2,4,4,3,4,2,4,3,2,3,1,2,3,1,0,2,2,4,4,0,3.8,3.0
79,Agree,Agree,Neither agree nor disagree,Disagree,Agree,Agree,Agree,Neither agree nor disagree,Agree,Neither agree nor disagree,Mental health/emotional stress,,Neither agree nor disagree,Agree,Agree,Agree,Agree,Disagree,Disagree,Often,Sometimes,Often,Often,Rarely,Extreme,5-10 hours,Mental/emotional well-being,,20-21,Second year,Man,,Latino/Hispanic,,No,Transfer,,Social sciences,,Somewhat confident,12-14 credits,More online,20-29 hours,4,4,3,2,4,4,4,3,4,3,3,4,4,4,4,2,2,3,2,3,3,1,4,2,4,4,3,3.5,3.29
80,Agree,Agree,Agree,Strongly agree,Strongly agree,Agree,Strongly agree,Strongly agree,Strongly agree,Agree,Motivation/discipline,,Neither agree nor disagree,Neither agree nor disagree,Strongly agree,Neither agree nor disagree,Agree,Strongly agree,Strongly agree,Often,Sometimes,Often,Sometimes,Never,Not at all,20+ hours,Figuring out my future,,17 or younger,Prefer not to say,Woman,,South Asian,,Yes,Other,Dual Enrollment,Humanities,,Very confident,6-8 credits,About equal,1-9 hours,4,4,4,5,5,4,5,5,5,4,3,3,5,3,4,5,5,3,2,3,2,0,0,4,5,2,1,4.5,4.0
81,Agree,Agree,Neither agree nor disagree,Neither agree nor disagree,Agree,Agree,Strongly agree,Strongly agree,Neither agree nor disagree,Agree,Not prepared for college-level work,,Agree,Neither agree nor disagree,Neither agree nor disagree,Agree,Disagree,Disagree,Agree,Very often,Sometimes,Very often,Sometimes,Never,Moderate,<5 hours,Figuring out my future,,18-19,Second year,Woman,,Black/African American,,No,Transfer,,Arts/creative fields,,Not confident at all,15+ credits,All/mostly online,20-29 hours,4,4,3,3,4,4,5,5,3,4,4,3,3,4,2,2,4,4,2,4,2,0,2,1,1,5,3,3.9,3.14
82,Agree,Neither agree nor disagree,Disagree,Neither agree nor disagree,Agree,Disagree,Strongly agree,Disagree,Neither agree nor disagree,Agree,Motivation/discipline,,Neither agree nor disagree,Neither agree nor disagree,Disagree,Disagree,Neither agree nor disagree,Neither agree nor disagree,Agree,Sometimes,Often,Very often,Sometimes,Never,Moderate,<5 hours,Financial stability,,20-21,Second year,Man,,South Asian,,Yes,Transfer,,STEM,,Not very confident,1-5 credits,All/mostly in-person,10-19 hours,4,3,2,3,4,2,5,2,3,4,3,3,2,2,3,3,4,2,3,4,2,0,2,1,2,1,2,3.2,2.86
83,Agree,Agree,Neither agree nor disagree,Agree,Agree,Agree,Agree,Neither agree nor disagree,Agree,Agree,Motivation/discipline,,Neither agree nor disagree,Neither agree nor disagree,Agree,Agree,Agree,Agree,Agree,Very often,Sometimes,Very often,Often,Rarely,Moderate,5-10 hours,Mental/emotional well-being,,18-19,First year,Woman,,Latino/Hispanic,,No,Transfer,,Health professions,,Very confident,9-11 credits,More online,20-29 hours,4,4,3,4,4,4,4,3,4,4,3,3,4,4,4,4,4,4,2,4,3,1,2,2,5,3,3,3.8,3.71
84,Neither agree nor disagree,Agree,Agree,Agree,Disagree,Disagree,Agree,Agree,Agree,Neither agree nor disagree,Motivation/discipline,,Agree,Agree,Agree,Agree,Agree,Disagree,Agree,Sometimes,Sometimes,Often,Often,Rarely,Not at all,5-10 hours,Doing well in school,,18-19,First year,Man,,Latino/Hispanic,,Yes,Transfer,,STEM,,Not very confident,12-14 credits,More online,1-9 hours,3,4,4,4,2,2,4,4,4,3,4,4,4,4,4,2,4,2,2,3,3,1,0,2,2,4,1,3.4,3.71
85,Strongly agree,Agree,Strongly agree,Strongly disagree,Agree,Agree,Agree,Disagree,Strongly agree,Disagree,Mental health/emotional stress,,Disagree,Agree,Strongly agree,Agree,Agree,Strongly disagree,Agree,Very often,Sometimes,Often,Sometimes,Never,Extreme,20+ hours,Doing well in school,,20-21,Second year,Woman,,Southeast Asian,,Yes,Transfer,,STEM,,Very confident,15+ credits,About equal,1-9 hours,5,4,5,1,4,4,4,2,5,2,2,4,5,4,4,1,4,4,2,3,2,0,4,4,5,5,1,3.6,3.43
86,Neither agree nor disagree,Agree,Agree,Agree,Neither agree nor disagree,Agree,Agree,Agree,Neither agree nor disagree,Strongly agree,Physical health/low energy,,Neither agree nor disagree,Agree,Agree,Neither agree nor disagree,Agree,Neither agree nor disagree,Not applicable,Very often,Rarely,Often,Sometimes,Rarely,Slight,<5 hours,Figuring out my future,,18-19,First year,Woman,,East Asian,,Yes,Transfer,,Business,,Somewhat confident,15+ credits,More online,20-29 hours,3,4,4,4,3,4,4,4,3,5,3,4,4,3,4,3,,4,1,3,2,1,1,1,4,5,3,3.8,3.5
87,Neither agree nor disagree,Agree,Agree,Neither agree nor disagree,Neither agree nor disagree,Agree,Strongly agree,Disagree,Agree,Agree,Motivation/discipline,,Neither agree nor disagree,Agree,Agree,Agree,Agree,Neither agree nor disagree,Agree,Sometimes,Sometimes,Very often,Rarely,Rarely,Moderate,11-19 hours,Figuring out my future,,18-19,First year,Woman,,Black/African American,,Yes,Transfer,,Social sciences,,Unsure,9-11 credits,About equal,0 hours,3,4,4,3,3,4,5,2,4,4,3,4,4,4,4,3,4,2,2,4,1,1,2,3,3,3,0,3.6,3.71
88,Agree,Agree,Neither agree nor disagree,Agree,Agree,Agree,Neither agree nor disagree,Agree,Agree,Agree,Not prepared for college-level work,,Agree,Neither agree nor disagree,Agree,Agree,Agree,Neither agree nor disagree,Agree,Often,Sometimes,Sometimes,Sometimes,Never,Not at all,<5 hours,Financial stability,,20-21,Second year,Woman,,East Asian,,Yes,Transfer,,STEM,,Somewhat confident,12-14 credits,About equal,0 hours,4,4,3,4,4,4,3,4,4,4,4,3,4,4,4,3,4,3,2,2,2,0,0,1,4,4,0,3.8,3.71
89,Neither agree nor disagree,Agree,Agree,Agree,Neither agree nor disagree,Agree,Neither agree nor disagree,Agree,Agree,Disagree,Family/caregiving responsibilities,,Neither agree nor disagree,Agree,Agree,Neither agree nor disagree,Agree,Neither agree nor disagree,Agree,Often,Sometimes,Sometimes,Often,Often,Moderate,5-10 hours,Friendships or relationships,,20-21,Third year or beyond,Woman,,Latino/Hispanic,,Yes,Transfer,,Business,,Unsure,1-5 credits,About equal,1-9 hours,3,4,4,4,3,4,3,4,4,2,3,4,4,3,4,3,4,3,2,2,3,3,2,2,3,1,1,3.5,3.57
90,Neither agree nor disagree,Neither agree nor disagree,Agree,Disagree,Agree,Agree,Agree,Neither agree nor disagree,Neither agree nor disagree,Neither agree nor disagree,Teaching style/quality,,,Strongly disagree,Agree,Agree,Agree,Agree,Agree,Often,Often,Sometimes,Sometimes,Very often,Prefer not to say,20+ hours,Friendships or relationships,,18-19,First year,Woman,,South Asian,,Not sure,Associate degree,,Health professions,,Unsure,9-11 credits,All/mostly in-person,0 hours,3,3,4,2,4,4,4,3,3,3,,1,4,4,4,4,4,3,3,2,2,4,,4,3,3,0,3.3,3.5
91,Disagree,Strongly disagree,Neither agree nor disagree,Disagree,Disagree,Strongly agree,Neither agree nor disagree,Strongly disagree,Disagree,Strongly disagree,Work responsibilities,,Strongly disagree,Neither agree nor disagree,Agree,Agree,Disagree,Strongly disagree,Disagree,Sometimes,Rarely,Rarely,Often,Rarely,Extreme,11-19 hours,Financial stability,,18-19,First year,Man,,East Asian,,No,Transfer,,Business,,Somewhat confident,15+ credits,All/mostly in-person,30+ hours,2,1,3,2,2,5,3,1,2,1,1,3,4,4,2,1,2,2,1,1,3,1,4,3,4,5,4,2.2,2.43
92,Agree,Neither agree nor disagree,Neither agree nor disagree,Neither agree nor disagree,Agree,Agree,Agree,Disagree,Agree,Agree,Motivation/discipline,,Neither agree nor disagree,Neither agree nor disagree,Strongly agree,Disagree,Disagree,Disagree,Agree,Often,Sometimes,Often,Rarely,Often,Very,5-10 hours,Doing well in school,,20-21,First year,Man,,White,,Yes,Transfer,,Social sciences,,Somewhat confident,15+ credits,About equal,0 hours,4,3,3,3,4,4,4,2,4,4,3,3,5,2,2,2,4,3,2,3,1,3,3,2,4,5,0,3.5,3.0
93,Strongly agree,Strongly agree,Strongly agree,Agree,Strongly agree,Agree,Agree,Neither agree nor disagree,Strongly agree,Strongly agree,Motivation/discipline,,Agree,Strongly agree,Strongly agree,Strongly agree,Strongly agree,Disagree,Strongly agree,Sometimes,Often,Very often,Sometimes,Never,Extreme,5-10 hours,Mental/emotional well-being,,26 or older,Second year,Man,,Southeast Asian,,No,Transfer,,Social sciences,,Somewhat confident,9-11 credits,All/mostly in-person,10-19 hours,5,5,5,4,5,4,4,3,5,5,4,5,5,5,5,2,5,2,3,4,2,0,4,2,4,3,2,4.5,4.43
94,Disagree,Neither agree nor disagree,Strongly agree,Disagree,Neither agree nor disagree,Agree,Agree,Disagree,Agree,Disagree,Motivation/discipline,,Disagree,Strongly agree,Agree,Disagree,Neither agree nor disagree,Disagree,Agree,Often,Sometimes,Very often,Often,Never,Slight,<5 hours,Doing well in school,,18-19,First year,Man,,Multiracial,,Yes,Transfer,,Social sciences,,Not very confident,15+ credits,More in-person,0 hours,2,3,5,2,3,4,4,2,4,2,2,5,4,2,3,2,4,3,2,4,3,0,1,1,2,5,0,3.1,3.14
95,Strongly disagree,Strongly disagree,Strongly disagree,Disagree,Strongly disagree,Strongly disagree,Agree,Disagree,Disagree,Strongly disagree,Mental health/emotional stress,,Neither agree nor disagree,Strongly disagree,Agree,Strongly disagree,Agree,Strongly disagree,Agree,Often,Very often,Very often,Rarely,Sometimes,Slight,5-10 hours,Figuring out my future,,18-19,First year,Woman,,Southeast Asian,,Yes,Undecided,,Health professions,,Not very confident,6-8 credits,About equal,20-29 hours,1,1,1,2,1,1,4,2,2,1,3,1,4,1,4,1,4,3,4,4,1,2,1,2,2,2,3,1.6,2.57
96,Agree,Agree,Strongly agree,Agree,Strongly agree,Agree,Strongly agree,Agree,Strongly agree,Neither agree nor disagree,Motivation/discipline,,Neither agree nor disagree,Strongly agree,Agree,Strongly agree,Agree,Agree,Strongly agree,Very often,Sometimes,Often,Sometimes,Often,Not at all,5-10 hours,Enjoying life,,22-25,Third year or beyond,Woman,,White,,Not sure,Transfer,,Arts/creative fields,,Unsure,6-8 credits,All/mostly online,0 hours,4,4,5,4,5,4,5,4,5,3,3,5,4,5,4,4,5,4,2,3,2,3,0,2,3,2,0,4.3,4.29
97,Disagree,Neither agree nor disagree,Agree,Disagree,Disagree,Neither agree nor disagree,Agree,Neither agree nor disagree,Agree,Disagree,Motivation/discipline,,Neither agree nor disagree,Agree,Agree,Agree,Agree,Disagree,Agree,Sometimes,Often,Sometimes,Rarely,Never,Slight,5-10 hours,Doing well in school,,18-19,First year,Woman,,South Asian,,Yes,Transfer,,Health professions,,Somewhat confident,15+ credits,More in-person,1-9 hours,2,3,4,2,2,3,4,3,4,2,3,4,4,4,4,2,4,2,3,2,1,0,1,2,4,5,1,2.9,3.57
98,Disagree,Neither agree nor disagree,Agree,Neither agree nor disagree,Neither agree nor disagree,Agree,Agree,Neither agree nor disagree,Agree,Neither agree nor disagree,Mental health/emotional stress,,Neither agree nor disagree,Agree,Agree,Strongly agree,Agree,Neither agree nor disagree,Strongly agree,Often,Sometimes,Sometimes,Rarely,Rarely,Moderate,<5 hours,Mental/emotional well-being,,20-21,Third year or beyond,Woman,,East Asian,,No,Transfer,,Business,,Somewhat confident,9-11 credits,All/mostly online,10-19 hours,2,3,4,3,3,4,4,3,4,3,3,4,4,5,4,3,5,3,2,2,1,1,2,1,4,3,2,3.3,4.0
99,Disagree,Agree,Disagree,Agree,Neither agree nor disagree,Strongly agree,Neither agree nor disagree,Neither agree nor disagree,Neither agree nor disagree,Agree,Motivation/discipline,,Strongly agree,Disagree,Strongly agree,Disagree,Strongly disagree,Agree,Neither agree nor disagree,Sometimes,Sometimes,Sometimes,Often,Rarely,Moderate,5-10 hours,Figuring out my future,,18-19,First year,Man,,East Asian,,Yes,Transfer,,Business,,Somewhat confident,15+ credits,More in-person,10-19 hours,2,4,2,4,3,5,3,3,3,4,5,2,5,2,1,4,3,2,2,2,3,1,2,2,4,5,2,3.3,3.14
100,Strongly agree,Agree,Agree,Agree,Strongly agree,Strongly agree,Agree,Agree,Strongly agree,Strongly agree,Mental health/emotional stress,,Agree,Neither agree nor disagree,Agree,Neither agree nor disagree,Agree,Neither agree nor disagree,Disagree,Very often,Rarely,Sometimes,Sometimes,Never,Slight,5-10 hours,Doing well in school,,20-21,Third year or beyond,Woman,,Latino/Hispanic,,No,Associate degree,,STEM,,Very confident,12-14 credits,All/mostly in-person,10-19 hours,5,4,4,4,5,5,4,4,5,5,4,3,4,3,4,3,2,4,1,2,2,0,1,2,5,4,2,4.5,3.29
101,Agree,Disagree,Agree,Agree,Agree,Agree,Neither agree nor disagree,Agree,Agree,Agree,Not prepared for college-level work,,Agree,Agree,Agree,Agree,Agree,Disagree,Agree,Often,Rarely,Often,Rarely,Never,Slight,<5 hours,Other,"Family responsibilities, doing well in school, and fnancial stability",20-21,Third year or beyond,Man,,Middle Eastern/North African,,No,Transfer,,STEM,,Somewhat confident,9-11 credits,All/mostly in-person,20-29 hours,4,2,4,4,4,4,3,4,4,4,4,4,4,4,4,2,4,3,1,3,1,0,1,1,4,3,3,3.7,3.71
102,Agree,Agree,Strongly agree,Neither agree nor disagree,Neither agree nor disagree,Agree,Agree,Disagree,Agree,Agree,Mental health/emotional stress,,Agree,Neither agree nor disagree,Neither agree nor disagree,Disagree,Strongly agree,Strongly agree,Strongly agree,Often,Sometimes,Sometimes,Often,Never,Very,20+ hours,Financial stability,,18-19,Second year,Man,,East Asian,,Yes,Transfer,,STEM,,Unsure,15+ credits,About equal,0 hours,4,4,5,3,3,4,4,2,4,4,4,3,3,2,5,5,5,3,2,2,3,0,3,4,3,5,0,3.7,3.86
103,Strongly agree,Neither agree nor disagree,Strongly agree,Agree,Strongly agree,Strongly agree,Strongly agree,Strongly agree,Strongly agree,Agree,Motivation/discipline,,Agree,Agree,Strongly agree,Strongly agree,Agree,Neither agree nor disagree,Strongly agree,Very often,Rarely,Very often,Often,Never,Moderate,<5 hours,Friendships or relationships,,20-21,Third year or beyond,Man,,Latino/Hispanic,,No,Transfer,,STEM,,Very confident,12-14 credits,More in-person,10-19 hours,5,3,5,4,5,5,5,5,5,4,4,4,5,5,4,3,5,4,1,4,3,0,2,1,5,4,2,4.6,4.29
104,Agree,Agree,Agree,Neither agree nor disagree,Agree,Agree,Agree,Agree,Agree,Agree,Motivation/discipline,,Agree,Agree,Agree,Agree,Agree,Neither agree nor disagree,Strongly agree,Often,Rarely,Sometimes,Often,Never,Slight,5-10 hours,Friendships or relationships,,20-21,Second year,Woman,,East Asian,,Yes,Transfer,,STEM,,Somewhat confident,15+ credits,All/mostly in-person,1-9 hours,4,4,4,3,4,4,4,4,4,4,4,4,4,4,4,3,5,3,1,2,3,0,1,2,4,5,1,3.9,4.0
105,Neither agree nor disagree,Neither agree nor disagree,Agree,Neither agree nor disagree,Neither agree nor disagree,Agree,Neither agree nor disagree,Disagree,Agree,Neither agree nor disagree,Physical health/low energy,,Agree,Agree,Neither agree nor disagree,Neither agree nor disagree,Agree,Disagree,Agree,Rarely,Often,Never,Often,Prefer not to say,Very,5-10 hours,Other,Trying to capitalize off a war fought on my dime against my wishes,26 or older,Third year or beyond,Man,,White,,Yes,Undecided,,Undecided,,Unsure,6-8 credits,All/mostly in-person,30+ hours,3,3,4,3,3,4,3,2,4,3,4,4,3,3,4,2,4,1,3,0,3,,3,2,3,2,4,3.2,3.43
106,Agree,Agree,Neither agree nor disagree,Agree,Neither agree nor disagree,Agree,Agree,Neither agree nor disagree,Agree,Agree,Family/caregiving responsibilities,,Neither agree nor disagree,Agree,Agree,Agree,Agree,Neither agree nor disagree,Agree,Sometimes,Sometimes,Sometimes,Sometimes,Never,Slight,11-19 hours,Family responsibilities,,26 or older,First year,Woman,,East Asian,,No,Associate degree,,Health professions,,Somewhat confident,9-11 credits,All/mostly in-person,0 hours,4,4,3,4,3,4,4,3,4,4,3,4,4,4,4,3,4,2,2,2,2,0,1,3,4,3,0,3.7,3.71
107,Agree,Agree,Strongly agree,Agree,Agree,Agree,Agree,Neither agree nor disagree,Strongly agree,Agree,Physical health/low energy,,Agree,Agree,Strongly agree,Strongly agree,Strongly agree,Agree,Strongly agree,Often,Rarely,Rarely,Often,Rarely,Prefer not to say,5-10 hours,Mental/emotional well-being,,20-21,First year,Woman,,White,,Yes,Transfer,,STEM,,Somewhat confident,12-14 credits,All/mostly in-person,0 hours,4,4,5,4,4,4,4,3,5,4,4,4,5,5,5,4,5,3,1,1,3,1,,2,4,4,0,4.1,4.57
108,Agree,Agree,Agree,Agree,Agree,Agree,Agree,Neither agree nor disagree,Agree,Neither agree nor disagree,Physical health/low energy,,Neither agree nor disagree,Agree,Agree,Agree,Neither agree nor disagree,Neither agree nor disagree,Neither agree nor disagree,Often,Rarely,Rarely,Sometimes,Never,Moderate,11-19 hours,Financial stability,,18-19,First year,Woman,,Southeast Asian,,No,Transfer,,Social sciences,,Very confident,15+ credits,About equal,10-19 hours,4,4,4,4,4,4,4,3,4,3,3,4,4,4,3,3,3,3,1,1,2,0,2,3,5,5,2,3.8,3.43
109,Neither agree nor disagree,Agree,Agree,Disagree,Agree,Strongly agree,Strongly agree,Disagree,Neither agree nor disagree,Agree,Mental health/emotional stress,,Agree,Agree,Agree,Strongly agree,Agree,Neither agree nor disagree,Strongly agree,Sometimes,Sometimes,Often,Rarely,Never,Prefer not to say,5-10 hours,Doing well in school,,20-21,Second year,Woman,,South Asian,,Not sure,Transfer,,Social sciences,,Somewhat confident,15+ credits,More online,0 hours,3,4,4,2,4,5,5,2,3,4,4,4,4,5,4,3,5,2,2,3,1,0,,2,4,5,0,3.6,4.14
110,Strongly agree,Agree,Agree,Agree,Agree,Agree,Agree,Neither agree nor disagree,Agree,Agree,Motivation/discipline,,Agree,Strongly agree,Agree,Agree,Disagree,Agree,Neither agree nor disagree,Sometimes,Rarely,Often,Rarely,Never,Moderate,<5 hours,Enjoying life,,20-21,Second year,Woman,,East Asian,,Yes,Transfer,,Social sciences,,Somewhat confident,1-5 credits,All/mostly in-person,1-9 hours,5,4,4,4,4,4,4,3,4,4,4,5,4,4,2,4,3,2,1,3,1,0,2,1,4,1,1,4.0,3.71
111,Agree,Agree,Agree,Strongly agree,Agree,Agree,Strongly agree,Neither agree nor disagree,Agree,Strongly agree,Motivation/discipline,,Agree,Strongly agree,Strongly agree,Strongly agree,Strongly agree,Strongly agree,Strongly agree,Often,Rarely,Very often,Very often,Sometimes,Moderate,11-19 hours,Doing well in school,,18-19,Second year,Man,,Southeast Asian,,Yes,Transfer,,Business,,Somewhat confident,12-14 credits,All/mostly in-person,10-19 hours,4,4,4,5,4,4,5,3,4,5,4,5,5,5,5,5,5,3,1,4,4,2,2,3,4,4,2,4.2,4.86
112,Agree,Neither agree nor disagree,Agree,Neither agree nor disagree,Strongly agree,Strongly agree,Agree,Agree,Strongly agree,Agree,Mental health/emotional stress,,Agree,Strongly agree,Strongly agree,Strongly agree,Agree,Disagree,Strongly disagree,Very often,Rarely,Rarely,Often,Never,Moderate,20+ hours,Family responsibilities,,26 or older,Second year,Woman,,Black/African American,,No,Transfer,,Other,Criminal Justice,Very confident,15+ credits,All/mostly online,0 hours,4,3,4,3,5,5,4,4,5,4,4,5,5,5,4,2,1,4,1,1,3,0,2,4,5,5,0,4.1,3.71
113,Strongly agree,Strongly agree,Strongly agree,Strongly agree,Strongly agree,Strongly agree,Strongly agree,Strongly agree,Strongly agree,Strongly agree,Nothing holding me back,,Strongly agree,Strongly agree,Strongly agree,Strongly agree,Strongly agree,Strongly agree,Strongly agree,Very often,Never,Never,Very often,Never,Moderate,20+ hours,Doing well in school,,26 or older,Third year or beyond,Man,,White,,No,Transfer,,Business,,Very confident,15+ credits,All/mostly online,10-19 hours,5,5,5,5,5,5,5,5,5,5,5,5,5,5,5,5,5,4,0,0,4,0,2,4,5,5,2,5.0,5.0
114,Agree,Agree,Neither agree nor disagree,Agree,Agree,Agree,Strongly agree,Neither agree nor disagree,Neither agree nor disagree,Agree,Mental health/emotional stress,,Agree,Neither agree nor disagree,Agree,Neither agree nor disagree,Agree,Strongly agree,Strongly agree,Often,Rarely,Sometimes,Often,Never,Moderate,11-19 hours,Doing well in school,,18-19,First year,Man,,Southeast Asian,,Yes,Transfer,,Business,,Somewhat confident,15+ credits,More in-person,0 hours,4,4,3,4,4,4,5,3,3,4,4,3,4,3,4,5,5,3,1,2,3,0,2,3,4,5,0,3.8,4.0
115,Neither agree nor disagree,Disagree,Agree,Neither agree nor disagree,Neither agree nor disagree,Disagree,Neither agree nor disagree,Disagree,Neither agree nor disagree,Disagree,Mental health/emotional stress,,Disagree,Strongly disagree,Agree,Agree,Neither agree nor disagree,Neither agree nor disagree,Agree,Very often,Sometimes,Sometimes,Sometimes,Never,Slight,5-10 hours,Mental/emotional well-being,,18-19,First year,Woman,,White,,Not sure,Associate degree,,Arts/creative fields,,Very confident,6-8 credits,All/mostly in-person,0 hours,3,2,4,3,3,2,3,2,3,2,2,1,4,4,3,3,4,4,2,2,2,0,1,2,5,2,0,2.7,3.0
116,Agree,Neither agree nor disagree,Agree,Neither agree nor disagree,Agree,Agree,Agree,Neither agree nor disagree,Agree,Agree,Motivation/discipline,,Neither agree nor disagree,Agree,Neither agree nor disagree,Agree,Neither agree nor disagree,Disagree,Disagree,Sometimes,Rarely,Rarely,Sometimes,Rarely,Moderate,5-10 hours,Financial stability,,22-25,First year,Man,,Latino/Hispanic,,No,Associate degree,,Undecided,,Unsure,9-11 credits,All/mostly in-person,10-19 hours,4,3,4,3,4,4,4,3,4,4,3,4,3,4,3,2,2,2,1,1,2,1,2,2,3,3,2,3.7,3.0
117,Agree,Agree,Neither agree nor disagree,Agree,Agree,Agree,Neither agree nor disagree,Agree,Strongly agree,Strongly agree,Family/caregiving responsibilities,,Agree,Agree,Agree,Agree,Agree,Disagree,Strongly agree,Often,Sometimes,Often,Sometimes,Never,Slight,11-19 hours,Doing well in school,,26 or older,Third year or beyond,Man,,Southeast Asian,,No,Transfer,,Health professions,,Somewhat confident,9-11 credits,More online,10-19 hours,4,4,3,4,4,4,3,4,5,5,4,4,4,4,4,2,5,3,2,3,2,0,1,3,4,3,2,4.0,3.86
118,Agree,Strongly agree,Strongly agree,Agree,Strongly agree,Agree,Strongly agree,Agree,Strongly agree,Agree,Nothing holding me back,,Agree,Strongly agree,Strongly agree,Strongly agree,Strongly agree,Agree,Strongly agree,Often,Never,Sometimes,Very often,Never,Not at all,11-19 hours,Doing well in school,,18-19,First year,Man,,White,,Yes,Transfer,,Business,,Somewhat confident,15+ credits,All/mostly in-person,0 hours,4,5,5,4,5,4,5,4,5,4,4,5,5,5,5,4,5,3,0,2,4,0,0,3,4,5,0,4.5,4.71
119,Agree,Agree,Agree,Neither agree nor disagree,Strongly agree,Neither agree nor disagree,Strongly agree,Strongly agree,Strongly agree,Agree,Motivation/discipline,,Agree,Strongly agree,Strongly agree,Agree,Agree,Agree,Strongly agree,Often,Sometimes,Very often,Sometimes,Never,Not at all,5-10 hours,Figuring out my future,,18-19,First year,Woman,,Latino/Hispanic,,Yes,Transfer,,Social sciences,,Unsure,15+ credits,About equal,0 hours,4,4,4,3,5,3,5,5,5,4,4,5,5,4,4,4,5,3,2,4,2,0,0,2,3,5,0,4.2,4.43
120,Strongly agree,Strongly agree,Strongly agree,Strongly agree,Strongly agree,Strongly agree,Agree,Strongly agree,Strongly agree,Strongly agree,Work responsibilities,,Agree,Strongly agree,Strongly agree,Strongly agree,Strongly agree,Neither agree nor disagree,Strongly agree,Very often,Sometimes,Never,Often,Rarely,Not at all,,Other,DOING WELL IN SCHOOL AND FINANCIAL STABILITY,26 or older,First year,Woman,,Latino/Hispanic,,No,Transfer,,Other,DEAF STUDIES,Very confident,15+ credits,All/mostly online,30+ hours,5,5,5,5,5,5,4,5,5,5,4,5,5,5,5,3,5,4,2,0,3,1,0,,5,5,4,4.9,4.57
121,Agree,Agree,Neither agree nor disagree,Neither agree nor disagree,Strongly agree,Strongly agree,Disagree,Disagree,Neither agree nor disagree,Agree,Mental health/emotional stress,,Strongly agree,Neither agree nor disagree,Disagree,Neither agree nor disagree,Strongly agree,Neither agree nor disagree,Disagree,Rarely,Often,Very often,Rarely,Never,Prefer not to say,5-10 hours,Doing well in school,,18-19,Second year,Woman,,Multiracial,,Yes,Transfer,,Social sciences,,Very confident,12-14 credits,About equal,0 hours,4,4,3,3,5,5,2,2,3,4,5,3,2,3,5,3,2,1,3,4,1,0,,2,5,4,0,3.5,3.29
122,Agree,Agree,Agree,Agree,Strongly agree,Agree,Agree,Agree,Agree,Agree,Teaching style/quality,,Agree,Agree,Strongly agree,Strongly agree,Strongly agree,Agree,Strongly agree,Very often,Never,Sometimes,Often,Never,Slight,5-10 hours,Figuring out my future,,18-19,First year,Woman,,Latino/Hispanic,,No,Associate degree,,Business,,Very confident,12-14 credits,About equal,1-9 hours,4,4,4,4,5,4,4,4,4,4,4,4,5,5,5,4,5,4,0,2,3,0,1,2,5,4,1,4.1,4.57
123,Strongly agree,Agree,Neither agree nor disagree,Agree,Agree,Strongly agree,Strongly agree,Strongly agree,Strongly agree,Disagree,Mental health/emotional stress,,Disagree,Strongly disagree,Neither agree nor disagree,Agree,Agree,Strongly disagree,Neither agree nor disagree,Very often,Often,Very often,Very often,Never,Not at all,11-19 hours,Doing well in school,,20-21,Third year or beyond,Woman,,Latino/Hispanic,,No,Transfer,,Health professions,,Very confident,15+ credits,More online,20-29 hours,5,4,3,4,4,5,5,5,5,2,2,1,3,4,4,1,3,4,3,4,4,0,0,3,5,5,3,4.2,2.57
124,Neither agree nor disagree,Agree,Neither agree nor disagree,Agree,Neither agree nor disagree,Strongly agree,Agree,Agree,Agree,Agree,Mental health/emotional stress,,Neither agree nor disagree,Disagree,Agree,Agree,Neither agree nor disagree,Disagree,Strongly agree,Often,Rarely,Sometimes,Often,Never,Very,20+ hours,Figuring out my future,,18-19,First year,Woman,,South Asian,,No,Associate degree,,Health professions,,Somewhat confident,15+ credits,About equal,10-19 hours,3,4,3,4,3,5,4,4,4,4,3,2,4,4,3,2,5,3,1,2,3,0,3,4,4,5,2,3.8,3.29
125,Strongly agree,Agree,Strongly agree,Strongly agree,Strongly agree,Agree,Agree,Strongly agree,Strongly agree,Agree,Family/caregiving responsibilities,,Agree,Agree,Agree,Agree,Agree,Strongly agree,Strongly agree,Very often,Never,Sometimes,Often,Never,Moderate,5-10 hours,Doing well in school,,26 or older,Third year or beyond,Man,,East Asian,,No,Transfer,,Health professions,,Somewhat confident,12-14 credits,All/mostly in-person,10-19 hours,5,4,5,5,5,4,4,5,5,4,4,4,4,4,4,5,5,4,0,2,3,0,2,2,4,4,2,4.6,4.29
126,Agree,Agree,Neither agree nor disagree,Agree,Neither agree nor disagree,Strongly agree,Agree,Neither agree nor disagree,Agree,Agree,Not prepared for college-level work,,Agree,Neither agree nor disagree,Strongly agree,Agree,Neither agree nor disagree,Strongly disagree,Strongly agree,Very often,Rarely,Never,Sometimes,Often,Slight,5-10 hours,Doing well in school,,18-19,First year,Man,,Latino/Hispanic,,No,Associate degree,,STEM,,Somewhat confident,12-14 credits,All/mostly in-person,0 hours,4,4,3,4,3,5,4,3,4,4,4,3,5,4,3,1,5,4,1,0,2,3,1,2,4,4,0,3.8,3.57
127,Neither agree nor disagree,Agree,Agree,Disagree,Disagree,Neither agree nor disagree,Agree,Disagree,Neither agree nor disagree,Strongly agree,Mental health/emotional stress,,Strongly agree,Neither agree nor disagree,Neither agree nor disagree,Neither agree nor disagree,Agree,Neither agree nor disagree,Disagree,Sometimes,Sometimes,Sometimes,Rarely,Rarely,Slight,11-19 hours,Figuring out my future,,22-25,Second year,Man,,Multiracial,,Yes,Transfer,,STEM,,Very confident,9-11 credits,More online,0 hours,3,4,4,2,2,3,4,2,3,5,5,3,3,3,4,3,2,2,2,2,1,1,1,3,5,3,0,3.2,3.29
128,Agree,Agree,Agree,Disagree,Disagree,Agree,Agree,Disagree,Agree,Agree,Other,Finances is #1 which affects my Mental and emotional well-being. Also mental disabilities.,Disagree,Agree,Disagree,Agree,Disagree,Neither agree nor disagree,Disagree,Sometimes,Often,Sometimes,Often,Often,Extreme,11-19 hours,Financial stability,,26 or older,Third year or beyond,Woman,,White,,No,Associate degree,,Arts/creative fields,,Very confident,12-14 credits,All/mostly in-person,1-9 hours,4,4,4,2,2,4,4,2,4,4,2,4,2,4,2,3,2,2,3,2,3,3,4,3,5,4,1,3.4,2.71
129,Strongly agree,Disagree,Disagree,Disagree,Agree,Agree,Agree,Disagree,Agree,Agree,Mental health/emotional stress,,Disagree,Disagree,Neither agree nor disagree,Disagree,Disagree,Disagree,Agree,Sometimes,Sometimes,Very often,Rarely,Rarely,Extreme,5-10 hours,Figuring out my future,,22-25,Third year or beyond,Man,,Latino/Hispanic,,No,Transfer,,Arts/creative fields,,Somewhat confident,15+ credits,All/mostly online,20-29 hours,5,2,2,2,4,4,4,2,4,4,2,2,3,2,2,2,4,2,2,4,1,1,4,2,4,5,3,3.3,2.43
130,Disagree,Disagree,Agree,Neither agree nor disagree,Agree,Agree,Agree,Neither agree nor disagree,Agree,Agree,Motivation/discipline,,Neither agree nor disagree,Agree,Agree,Agree,Agree,Disagree,Agree,Sometimes,Rarely,Often,Rarely,Never,Slight,<5 hours,Mental/emotional well-being,,20-21,Third year or beyond,Man,,White,,Yes,Transfer,,Other,Liberal arts,Not confident at all,6-8 credits,All/mostly in-person,0 hours,2,2,4,3,4,4,4,3,4,4,3,4,4,4,4,2,4,2,1,3,1,0,1,1,1,2,0,3.4,3.57
131,Neither agree nor disagree,Agree,Agree,Agree,Neither agree nor disagree,Agree,Agree,Neither agree nor disagree,Agree,Neither agree nor disagree,Other,"Work, tuition, AI",Agree,Agree,Agree,Agree,Agree,Neither agree nor disagree,Not applicable,Sometimes,Sometimes,Sometimes,Sometimes,Rarely,Extreme,11-19 hours,Financial stability,,26 or older,Third year or beyond,Woman,,White,,Not sure,Transfer,,Arts/creative fields,,Not very confident,12-14 credits,More in-person,10-19 hours,3,4,4,4,3,4,4,3,4,3,4,4,4,4,4,3,,2,2,2,2,1,4,3,2,4,2,3.6,3.83
132,Strongly agree,Agree,Strongly agree,Strongly agree,Strongly agree,Strongly agree,Agree,Strongly agree,Agree,Neither agree nor disagree,Not prepared for college-level work,,Agree,Strongly agree,Strongly agree,Strongly agree,Strongly agree,Strongly agree,Strongly disagree,Often,Never,Never,Often,Never,Moderate,20+ hours,Doing well in school,,18-19,First year,Man,,Latino/Hispanic,,No,Transfer,,Social sciences,,Unsure,12-14 credits,More in-person,0 hours,5,4,5,5,5,5,4,5,4,3,4,5,5,5,5,5,1,3,0,0,3,0,2,4,3,4,0,4.5,4.29
133,Neither agree nor disagree,Neither agree nor disagree,Agree,Neither agree nor disagree,Neither agree nor disagree,Agree,Neither agree nor disagree,Neither agree nor disagree,Neither agree nor disagree,Neither agree nor disagree,Physical health/low energy,,Neither agree nor disagree,Agree,Agree,Neither agree nor disagree,Agree,Neither agree nor disagree,Neither agree nor disagree,Sometimes,Sometimes,Rarely,Sometimes,Never,Prefer not to say,5-10 hours,Doing well in school,,20-21,Third year or beyond,Woman,,Prefer not to say,,Prefer not to say,Transfer,,Arts/creative fields,,Somewhat confident,6-8 credits,More in-person,1-9 hours,3,3,4,3,3,4,3,3,3,3,3,4,4,3,4,3,3,2,2,1,2,0,,2,4,2,1,3.2,3.43
134,Strongly agree,Agree,Agree,Agree,Strongly agree,Strongly agree,Strongly agree,Agree,Agree,Agree,Family/caregiving responsibilities,,Agree,Neither agree nor disagree,Strongly agree,Strongly agree,Agree,Neither agree nor disagree,Agree,Very often,Sometimes,Often,Rarely,Never,Very,11-19 hours,Financial stability,,18-19,First year,Woman,,Latino/Hispanic,,Not sure,Associate degree,,Humanities,,Very confident,12-14 credits,More online,0 hours,5,4,4,4,5,5,5,4,4,4,4,3,5,5,4,3,4,4,2,3,1,0,3,3,5,4,0,4.4,4.0
135,Disagree,Disagree,Neither agree nor disagree,Disagree,Neither agree nor disagree,Agree,Neither agree nor disagree,Neither agree nor disagree,Neither agree nor disagree,Neither agree nor disagree,Not prepared for college-level work,,Disagree,Neither agree nor disagree,Neither agree nor disagree,Neither agree nor disagree,Disagree,Disagree,Neither agree nor disagree,Sometimes,Sometimes,Sometimes,Sometimes,Never,Slight,<5 hours,Financial stability,,26 or older,Prefer not to say,Woman,,Latino/Hispanic,,No,Associate degree,,Social sciences,,Somewhat confident,12-14 credits,About equal,20-29 hours,2,2,3,2,3,4,3,3,3,3,2,3,3,3,2,2,3,2,2,2,2,0,1,1,4,4,3,2.8,2.57
136,Neither agree nor disagree,Neither agree nor disagree,Agree,Disagree,Neither agree nor disagree,Agree,Neither agree nor disagree,Disagree,Agree,Neither agree nor disagree,Not prepared for college-level work,,Neither agree nor disagree,Neither agree nor disagree,Agree,Agree,Strongly agree,Neither agree nor disagree,Strongly agree,Sometimes,Often,Sometimes,Rarely,Never,Very,5-10 hours,Doing well in school,,18-19,Prefer not to say,Prefer not to say,,Prefer not to say,,Yes,Transfer,,Humanities,,Somewhat confident,12-14 credits,More in-person,0 hours,3,3,4,2,3,4,3,2,4,3,3,3,4,4,5,3,5,2,3,2,1,0,3,2,4,4,0,3.1,3.86
137,Agree,Agree,Agree,Strongly agree,Agree,Strongly agree,Neither agree nor disagree,Agree,Neither agree nor disagree,Agree,Family/caregiving responsibilities,,Neither agree nor disagree,Neither agree nor disagree,Agree,Neither agree nor disagree,Agree,Agree,Not applicable,Often,Sometimes,Sometimes,Often,Never,Not at all,5-10 hours,Enjoying life,,26 or older,Prefer not to say,Woman,,East Asian,,Yes,Associate degree,,Arts/creative fields,,Unsure,9-11 credits,All/mostly in-person,0 hours,4,4,4,5,4,5,3,4,3,4,3,3,4,3,4,4,,3,2,2,3,0,0,2,3,3,0,4.0,3.5
138,Agree,Strongly agree,Strongly disagree,Agree,Strongly agree,Strongly agree,Agree,Strongly disagree,Neither agree nor disagree,Agree,Family/caregiving responsibilities,,Strongly disagree,Disagree,Neither agree nor disagree,Disagree,Agree,Disagree,Agree,Often,Sometimes,Rarely,Rarely,Sometimes,Moderate,5-10 hours,Figuring out my future,,22-25,Third year or beyond,Man,,Pacific Islander,,No,Undecided,,Arts/creative fields,,Unsure,15+ credits,About equal,30+ hours,4,5,1,4,5,5,4,1,3,4,1,2,3,2,4,2,4,3,2,1,1,2,2,2,3,5,4,3.6,2.57
139,Agree,Neither agree nor disagree,Strongly agree,Neither agree nor disagree,Agree,Agree,Agree,Neither agree nor disagree,Agree,Agree,Mental health/emotional stress,,Neither agree nor disagree,Strongly agree,Agree,Strongly agree,Agree,Strongly disagree,Strongly agree,Often,Sometimes,Sometimes,Often,Sometimes,Moderate,5-10 hours,Doing well in school,,18-19,Second year,Woman,,Latino/Hispanic,,Yes,Transfer,,Arts/creative fields,,Very confident,6-8 credits,All/mostly in-person,1-9 hours,4,3,5,3,4,4,4,3,4,4,3,5,4,5,4,1,5,3,2,2,3,2,2,2,5,2,1,3.8,3.86
140,Agree,Disagree,Agree,Disagree,Neither agree nor disagree,Strongly agree,Disagree,Neither agree nor disagree,Strongly agree,Agree,Mental health/emotional stress,,Neither agree nor disagree,Strongly agree,Agree,Strongly agree,Strongly disagree,Strongly disagree,Neither agree nor disagree,Very often,Sometimes,Very often,Sometimes,Very often,Extreme,5-10 hours,Doing well in school,,20-21,Third year or beyond,Woman,,Southeast Asian,,No,Associate degree,,Social sciences,,Unsure,12-14 credits,All/mostly online,1-9 hours,4,2,4,2,3,5,2,3,5,4,3,5,4,5,1,1,3,4,2,4,2,4,4,2,3,4,1,3.4,3.14
141,Agree,Disagree,Agree,Agree,Agree,Agree,Agree,Agree,Agree,Agree,Work responsibilities,,Agree,Agree,Agree,Agree,Agree,Agree,Agree,Rarely,Rarely,Rarely,Rarely,Never,Very,20+ hours,Figuring out my future,,18-19,Second year,Woman,,South Asian,,No,Transfer,,STEM,,Unsure,15+ credits,More in-person,1-9 hours,4,2,4,4,4,4,4,4,4,4,4,4,4,4,4,4,4,1,1,1,1,0,3,4,3,5,1,3.8,4.0
142,Agree,Strongly agree,Agree,Strongly agree,Neither agree nor disagree,Agree,Agree,Agree,Agree,Strongly agree,Family/caregiving responsibilities,,Agree,Agree,Agree,Agree,Agree,Disagree,Strongly agree,Often,Never,Rarely,Sometimes,Never,Slight,5-10 hours,Figuring out my future,,20-21,Second year,Woman,,East Asian,,No,Transfer,,Business,,Somewhat confident,9-11 credits,All/mostly in-person,0 hours,4,5,4,5,3,4,4,4,4,5,4,4,4,4,4,2,5,3,0,1,2,0,1,2,4,3,0,4.2,3.86
143,Agree,Agree,Neither agree nor disagree,Agree,Strongly agree,Agree,Strongly agree,Agree,Agree,Neither agree nor disagree,Work responsibilities,,Disagree,Agree,Agree,Neither agree nor disagree,Agree,Strongly disagree,Neither agree nor disagree,Often,Rarely,Sometimes,Often,Never,Extreme,5-10 hours,Financial stability,,20-21,Second year,Woman,,Southeast Asian,,No,Transfer,,Business,,Unsure,15+ credits,All/mostly in-person,20-29 hours,4,4,3,4,5,4,5,4,4,3,2,4,4,3,4,1,3,3,1,2,3,0,4,2,3,5,3,4.0,3.0
144,Agree,Strongly agree,Agree,Disagree,Agree,Agree,Agree,Disagree,Disagree,Disagree,Mental health/emotional stress,,Agree,Agree,Agree,Agree,Agree,Agree,Strongly agree,Often,Often,Sometimes,Very often,Very often,Not at all,<5 hours,Mental/emotional well-being,,20-21,Third year or beyond,Man,,Middle Eastern/North African,,No,Transfer,,Business,,Not very confident,12-14 credits,More online,30+ hours,4,5,4,2,4,4,4,2,2,2,4,4,4,4,4,4,5,3,3,2,4,4,0,1,2,4,4,3.3,4.14
145,Strongly agree,Strongly agree,Agree,Strongly agree,Strongly agree,Strongly agree,Strongly agree,Strongly agree,Agree,Strongly agree,Teaching style/quality,,Agree,Agree,Agree,Agree,Agree,Agree,Strongly agree,Often,Rarely,Often,Often,Rarely,Not at all,<5 hours,Doing well in school,,22-25,Second year,Man,,Southeast Asian,,No,Transfer,,STEM,,Somewhat confident,9-11 credits,All/mostly in-person,0 hours,5,5,4,5,5,5,5,5,4,5,4,4,4,4,4,4,5,3,1,3,3,1,0,1,4,3,0,4.8,4.14
146,Agree,Agree,Agree,Agree,Agree,Agree,Agree,Agree,Agree,Strongly agree,Motivation/discipline,,Agree,Agree,Strongly agree,Agree,Strongly agree,Disagree,Strongly agree,Very often,Never,Very often,Sometimes,Never,Not at all,11-19 hours,Doing well in school,,18-19,First year,Woman,,East Asian,,Yes,Transfer,,STEM,,Somewhat confident,15+ credits,About equal,1-9 hours,4,4,4,4,4,4,4,4,4,5,4,4,5,4,5,2,5,4,0,4,2,0,0,3,4,5,1,4.1,4.14
147,Agree,Agree,Neither agree nor disagree,Agree,Agree,Agree,Agree,Neither agree nor disagree,Neither agree nor disagree,Neither agree nor disagree,Not prepared for college-level work,,Disagree,Agree,Agree,Neither agree nor disagree,Agree,Strongly disagree,Neither agree nor disagree,Sometimes,Sometimes,Very often,Very often,Sometimes,Very,20+ hours,Financial stability,,20-21,Second year,Man,,East Asian,,Yes,Transfer,,STEM,,Somewhat confident,15+ credits,More in-person,20-29 hours,4,4,3,4,4,4,4,3,3,3,2,4,4,3,4,1,3,2,2,4,4,2,3,4,4,5,3,3.6,3.0
148,Agree,Neither agree nor disagree,Agree,Agree,Neither agree nor disagree,Agree,Agree,Disagree,Agree,Agree,Mental health/emotional stress,,Agree,Strongly agree,Strongly agree,Agree,Agree,Disagree,Not applicable,Very often,Sometimes,Often,Often,Never,Moderate,11-19 hours,Doing well in school,,18-19,Second year,Woman,,South Asian,,Yes,Transfer,,STEM,,Somewhat confident,15+ credits,About equal,20-29 hours,4,3,4,4,3,4,4,2,4,4,4,5,5,4,4,2,,4,2,3,3,0,2,3,4,5,3,3.6,4.0
149,Neither agree nor disagree,Agree,Agree,Neither agree nor disagree,Agree,Agree,Agree,Disagree,Agree,Strongly agree,Mental health/emotional stress,,Agree,Agree,Agree,Agree,Agree,Agree,Agree,Very often,Sometimes,Sometimes,Sometimes,Rarely,Slight,11-19 hours,Figuring out my future,,18-19,Second year,Woman,,Middle Eastern/North African,,Yes,Transfer,,Social sciences,,Not very confident,15+ credits,More in-person,10-19 hours,3,4,4,3,4,4,4,2,4,5,4,4,4,4,4,4,4,4,2,2,2,1,1,3,2,5,2,3.7,4.0
150,Disagree,Agree,Neither agree nor disagree,Agree,Strongly agree,Agree,Neither agree nor disagree,Agree,Agree,Agree,Motivation/discipline,,Agree,Neither agree nor disagree,Strongly agree,Neither agree nor disagree,Agree,Neither agree nor disagree,Strongly agree,Often,Rarely,Often,Often,Rarely,Slight,5-10 hours,Enjoying life,,20-21,Second year,Woman,,Multiracial,,Yes,Transfer,,Social sciences,,Very confident,9-11 credits,More in-person,10-19 hours,2,4,3,4,5,4,3,4,4,4,4,3,5,3,4,3,5,3,1,3,3,1,1,2,5,3,2,3.7,3.86
151,Agree,Agree,Neither agree nor disagree,Agree,Agree,Agree,Neither agree nor disagree,Neither agree nor disagree,Agree,Agree,Mental health/emotional stress,,Agree,Agree,Strongly agree,Strongly disagree,Agree,Neither agree nor disagree,Strongly agree,Very often,Rarely,Very often,Rarely,Never,Not at all,5-10 hours,Doing well in school,,20-21,Second year,Woman,,White,,Yes,Associate degree,,Business,,Very confident,15+ credits,More online,0 hours,4,4,3,4,4,4,3,3,4,4,4,4,5,1,4,3,5,4,1,4,1,0,0,2,5,5,0,3.7,3.71
152,Agree,Agree,Strongly agree,Strongly agree,Agree,Agree,Strongly agree,Neither agree nor disagree,Agree,Neither agree nor disagree,Mental health/emotional stress,,Agree,Agree,Strongly agree,Agree,Agree,Agree,Strongly agree,Very often,Rarely,Sometimes,Very often,Never,Moderate,11-19 hours,Enjoying life,,20-21,Second year,Man,,South Asian,,Yes,Transfer,,Arts/creative fields,,Somewhat confident,6-8 credits,About equal,0 hours,4,4,5,5,4,4,5,3,4,3,4,4,5,4,4,4,5,4,1,2,4,0,2,3,4,2,0,4.1,4.29
153,Agree,Neither agree nor disagree,Agree,Disagree,Neither agree nor disagree,Neither agree nor disagree,Neither agree nor disagree,Neither agree nor disagree,Agree,Agree,Teaching style/quality,,Neither agree nor disagree,Agree,Agree,Agree,Agree,Disagree,Agree,Sometimes,Often,Sometimes,Sometimes,Often,Very,<5 hours,Mental/emotional well-being,,22-25,Prefer not to say,Woman,,Multiracial,,Yes,Certificate,,Humanities,,Somewhat confident,1-5 credits,All/mostly in-person,10-19 hours,4,3,4,2,3,3,3,3,4,4,3,4,4,4,4,2,4,2,3,2,2,3,3,1,4,1,2,3.3,3.57
154,Neither agree nor disagree,Neither agree nor disagree,Neither agree nor disagree,Neither agree nor disagree,Neither agree nor disagree,Neither agree nor disagree,Agree,Neither agree nor disagree,Agree,Disagree,Other,All of these,Neither agree nor disagree,Neither agree nor disagree,Neither agree nor disagree,Disagree,Neither agree nor disagree,Disagree,Neither agree nor disagree,Very often,Often,Sometimes,Often,Often,Slight,11-19 hours,Other,Relationships and being able to be mentally healthy,18-19,Second year,Man,,Southeast Asian,,No,Transfer,,Health professions,,Somewhat confident,12-14 credits,More in-person,30+ hours,3,3,3,3,3,3,4,3,4,2,3,3,3,2,3,2,3,4,3,2,3,3,1,3,4,4,4,3.1,2.71
155,Agree,Agree,Strongly agree,Strongly agree,Agree,Agree,Strongly agree,Agree,Strongly agree,Strongly agree,Motivation/discipline,,Strongly agree,Strongly agree,Strongly agree,Neither agree nor disagree,Strongly agree,Agree,Strongly agree,Sometimes,Sometimes,Very often,Very often,Rarely,Slight,5-10 hours,Figuring out my future,,20-21,Second year,Woman,,Southeast Asian,,Yes,Transfer,,Business,,Somewhat confident,15+ credits,All/mostly in-person,20-29 hours,4,4,5,5,4,4,5,4,5,5,5,5,5,3,5,4,5,2,2,4,4,1,1,2,4,5,3,4.5,4.57
156,Agree,Agree,Neither agree nor disagree,Agree,Agree,Agree,Strongly agree,Neither agree nor disagree,Agree,Agree,Motivation/discipline,,Agree,Strongly agree,Disagree,Agree,Agree,Strongly agree,Strongly agree,Rarely,Sometimes,Often,Very often,Never,Moderate,11-19 hours,Doing well in school,,18-19,Second year,Man,,Latino/Hispanic,,No,Transfer,,STEM,,Very confident,12-14 credits,All/mostly in-person,0 hours,4,4,3,4,4,4,5,3,4,4,4,5,2,4,4,5,5,1,2,3,4,0,2,3,5,4,0,3.9,4.14
157,Agree,Agree,Neither agree nor disagree,Neither agree nor disagree,Neither agree nor disagree,Agree,Strongly agree,Agree,Agree,Agree,Motivation/discipline,,Disagree,Neither agree nor disagree,Neither agree nor disagree,Neither agree nor disagree,Agree,Disagree,Disagree,Sometimes,Rarely,Never,Often,Never,Extreme,<5 hours,Financial stability,,22-25,Third year or beyond,Man,,South Asian,,No,Associate degree,,STEM,,Somewhat confident,9-11 credits,More in-person,1-9 hours,4,4,3,3,3,4,5,4,4,4,2,3,3,3,4,2,2,2,1,0,3,0,4,1,4,3,1,3.8,2.71
158,Disagree,Disagree,Neither agree nor disagree,Neither agree nor disagree,Disagree,Neither agree nor disagree,Neither agree nor disagree,Neither agree nor disagree,Disagree,Disagree,Motivation/discipline,,Disagree,Disagree,Disagree,Agree,Agree,Disagree,Neither agree nor disagree,Rarely,Very often,Sometimes,Sometimes,Never,Slight,<5 hours,Mental/emotional well-being,,20-21,First year,Prefer not to say,,Multiracial,,Yes,Undecided,,Humanities,,Unsure,9-11 credits,All/mostly online,0 hours,2,2,3,3,2,3,3,3,2,2,2,2,2,4,4,2,3,1,4,2,2,0,1,1,3,3,0,2.5,2.71
159,Agree,Agree,Neither agree nor disagree,Agree,Agree,Agree,Agree,Agree,Neither agree nor disagree,Agree,Motivation/discipline,,Agree,Neither agree nor disagree,Strongly agree,Disagree,Strongly agree,Disagree,Strongly agree,Often,Rarely,Very often,Sometimes,Never,Not at all,11-19 hours,Enjoying life,,20-21,Second year,Man,,East Asian,,Yes,Transfer,,STEM,,Unsure,12-14 credits,More in-person,0 hours,4,4,3,4,4,4,4,4,3,4,4,3,5,2,5,2,5,3,1,4,2,0,0,3,3,4,0,3.8,3.71
160,Neither agree nor disagree,Agree,Neither agree nor disagree,Neither agree nor disagree,Neither agree nor disagree,Neither agree nor disagree,Neither agree nor disagree,Neither agree nor disagree,Neither agree nor disagree,Neither agree nor disagree,Motivation/discipline,,Neither agree nor disagree,Neither agree nor disagree,Agree,Neither agree nor disagree,Agree,Disagree,Neither agree nor disagree,Often,Sometimes,Sometimes,Sometimes,Sometimes,Very,5-10 hours,Friendships or relationships,,18-19,Second year,Man,,Southeast Asian,,Yes,Transfer,,STEM,,Somewhat confident,12-14 credits,All/mostly in-person,20-29 hours,3,4,3,3,3,3,3,3,3,3,3,3,4,3,4,2,3,3,2,2,2,2,3,2,4,4,3,3.1,3.14
161,Disagree,Neither agree nor disagree,Neither agree nor disagree,Neither agree nor disagree,Disagree,Neither agree nor disagree,Agree,Neither agree nor disagree,Neither agree nor disagree,Agree,Motivation/discipline,,Agree,Neither agree nor disagree,Agree,Agree,Agree,Disagree,Strongly agree,Sometimes,Sometimes,Often,Rarely,Often,Moderate,<5 hours,Enjoying life,,22-25,Third year or beyond,Man,,Multiracial,,Yes,Associate degree,,Undecided,,Not confident at all,6-8 credits,About equal,0 hours,2,3,3,3,2,3,4,3,3,4,4,3,4,4,4,2,5,2,2,3,1,3,2,1,1,2,0,3.0,3.71
162,Strongly agree,Agree,Disagree,Strongly agree,Strongly agree,Strongly agree,Agree,Agree,Disagree,Neither agree nor disagree,Work responsibilities,,Neither agree nor disagree,Strongly disagree,Strongly agree,Disagree,Agree,Agree,Strongly agree,Often,Rarely,Sometimes,Very often,Rarely,Extreme,<5 hours,Financial stability,,20-21,Third year or beyond,Man,,Latino/Hispanic,,Yes,Transfer,,Business,,Very confident,15+ credits,About equal,30+ hours,5,4,2,5,5,5,4,4,2,3,3,1,5,2,4,4,5,3,1,2,4,1,4,1,5,5,4,3.9,3.43
163,Neither agree nor disagree,Disagree,Neither agree nor disagree,Disagree,Neither agree nor disagree,Agree,Agree,Disagree,Disagree,Disagree,Motivation/discipline,,Strongly disagree,Disagree,Agree,Neither agree nor disagree,Neither agree nor disagree,Strongly disagree,Agree,Sometimes,Very often,Very often,Sometimes,Often,Extreme,5-10 hours,Financial stability,,20-21,Third year or beyond,Woman,,Prefer not to say,,No,Associate degree,,Career/technical fields,,Very confident,9-11 credits,All/mostly in-person,20-29 hours,3,2,3,2,3,4,4,2,2,2,1,2,4,3,3,1,4,2,4,4,2,3,4,2,5,3,3,2.7,2.57
164,Agree,Agree,Agree,Agree,Agree,Agree,Neither agree nor disagree,Agree,Agree,Agree,Work responsibilities,,Disagree,Agree,Agree,Agree,Agree,Strongly disagree,Disagree,Sometimes,Often,Sometimes,Often,Never,Extreme,5-10 hours,Other,Balancing work and doing well in school.,22-25,Second year,Woman,,White,,No,Transfer,,Career/technical fields,,Very confident,12-14 credits,More in-person,20-29 hours,4,4,4,4,4,4,3,4,4,4,2,4,4,4,4,1,2,2,3,2,3,0,4,2,5,4,3,3.9,3.0
165,Agree,Agree,Neither agree nor disagree,Agree,Agree,Agree,Agree,Agree,Agree,Agree,Motivation/discipline,,Agree,Agree,Disagree,Agree,Strongly agree,Disagree,Agree,Sometimes,Often,Sometimes,Very often,Never,Moderate,5-10 hours,Doing well in school,,18-19,First year,Woman,,Southeast Asian,,No,Associate degree,,Health professions,,Unsure,12-14 credits,More in-person,1-9 hours,4,4,3,4,4,4,4,4,4,4,4,4,2,4,5,2,4,2,3,2,4,0,2,2,3,4,1,3.9,3.57
166,Agree,Agree,Agree,Agree,Agree,Agree,Agree,Agree,Agree,Agree,Mental health/emotional stress,,Agree,Agree,Strongly agree,Agree,Agree,Neither agree nor disagree,Strongly agree,Very often,Rarely,Very often,Often,Sometimes,Moderate,5-10 hours,Enjoying life,,22-25,Third year or beyond,Man,,Southeast Asian,,Yes,Transfer,,STEM,,Somewhat confident,12-14 credits,All/mostly in-person,10-19 hours,4,4,4,4,4,4,4,4,4,4,4,4,5,4,4,3,5,4,1,4,3,2,2,2,4,4,2,4.0,4.14
167,Agree,Agree,Agree,Agree,Agree,Agree,Strongly agree,Agree,Strongly agree,Neither agree nor disagree,Teaching style/quality,,Agree,Agree,Strongly agree,Neither agree nor disagree,Agree,Neither agree nor disagree,Not applicable,Often,Rarely,Sometimes,Very often,Never,Slight,<5 hours,Figuring out my future,,18-19,First year,Man,,Latino/Hispanic,,No,Transfer,,Health professions,,Unsure,15+ credits,All/mostly in-person,0 hours,4,4,4,4,4,4,5,4,5,3,4,4,5,3,4,3,,3,1,2,4,0,1,1,3,5,0,4.1,3.83
168,Agree,Agree,Neither agree nor disagree,Agree,Strongly agree,Strongly agree,Strongly agree,Disagree,Disagree,Strongly agree,Motivation/discipline,,Agree,Strongly agree,Strongly agree,Neither agree nor disagree,Disagree,Agree,Agree,Very often,Sometimes,Often,Often,Never,Extreme,5-10 hours,Doing well in school,,20-21,Second year,Woman,,Middle Eastern/North African,,No,Transfer,,STEM,,Somewhat confident,12-14 credits,More online,10-19 hours,4,4,3,4,5,5,5,2,2,5,4,5,5,3,2,4,4,4,2,3,3,0,4,2,4,4,2,3.9,3.86
169,Strongly agree,Strongly agree,Agree,Strongly agree,Strongly agree,Strongly agree,Agree,Agree,Strongly agree,Strongly agree,Work responsibilities,,Agree,Strongly agree,Neither agree nor disagree,Agree,Strongly agree,Disagree,Strongly disagree,Very often,Rarely,Rarely,Often,Rarely,Slight,11-19 hours,Enjoying life,,20-21,Third year or beyond,Man,,Southeast Asian,,Yes,Transfer,,STEM,,Very confident,15+ credits,All/mostly in-person,20-29 hours,5,5,4,5,5,5,4,4,5,5,4,5,3,4,5,2,1,4,1,1,3,1,1,3,5,5,3,4.7,3.43
170,Agree,Agree,Strongly agree,Agree,Strongly agree,Agree,Agree,Neither agree nor disagree,Strongly agree,Strongly agree,Nothing holding me back,,Strongly agree,Agree,Strongly agree,Agree,Strongly agree,Agree,Agree,Often,Rarely,Sometimes,Often,Never,Slight,5-10 hours,Figuring out my future,,26 or older,First year,Woman,,Latino/Hispanic,,Not sure,Associate degree,,Arts/creative fields,,Somewhat confident,12-14 credits,More in-person,0 hours,4,4,5,4,5,4,4,3,5,5,5,4,5,4,5,4,4,3,1,2,3,0,1,2,4,4,0,4.3,4.43
171,Agree,Agree,Disagree,Disagree,Disagree,Agree,Agree,Strongly disagree,Agree,Agree,Family/caregiving responsibilities,,Agree,Disagree,Agree,Disagree,Agree,Agree,Strongly disagree,Sometimes,Very often,Rarely,Sometimes,Rarely,Extreme,5-10 hours,Enjoying life,,26 or older,Third year or beyond,Woman,,Prefer not to say,,Yes,Transfer,,Social sciences,,Very confident,6-8 credits,More in-person,0 hours,4,4,2,2,2,4,4,1,4,4,4,2,4,2,4,4,1,2,4,1,2,1,4,2,5,2,0,3.1,3.0
172,Agree,Strongly agree,Agree,Neither agree nor disagree,Strongly agree,Strongly agree,Strongly agree,Strongly agree,Strongly agree,Strongly agree,Work responsibilities,,Strongly agree,Agree,Strongly agree,Strongly agree,Agree,Strongly disagree,Strongly agree,Very often,Never,Rarely,Sometimes,Rarely,Not at all,5-10 hours,Doing well in school,,22-25,Third year or beyond,Man,,Native American/Indigenous,,Yes,Associate degree,,Arts/creative fields,,Not confident at all,9-11 credits,More in-person,20-29 hours,4,5,4,3,5,5,5,5,5,5,5,4,5,5,4,1,5,4,0,1,2,1,0,2,1,3,3,4.6,4.14
173,Neither agree nor disagree,Neither agree nor disagree,Neither agree nor disagree,Neither agree nor disagree,Neither agree nor disagree,Agree,Agree,Neither agree nor disagree,Neither agree nor disagree,Neither agree nor disagree,Mental health/emotional stress,,Strongly disagree,Neither agree nor disagree,Disagree,Neither agree nor disagree,Agree,Disagree,Neither agree nor disagree,Rarely,Rarely,Sometimes,Sometimes,Never,Not at all,20+ hours,Financial stability,,20-21,Third year or beyond,Man,,Latino/Hispanic,,No,Transfer,,STEM,,Unsure,12-14 credits,More online,0 hours,3,3,3,3,3,4,4,3,3,3,1,3,2,3,4,2,3,1,1,2,2,0,0,4,3,4,0,3.2,2.57
174,Agree,Strongly agree,Neither agree nor disagree,Strongly agree,Strongly agree,Strongly agree,Strongly agree,Agree,Neither agree nor disagree,Strongly agree,Nothing holding me back,,Agree,Agree,Strongly agree,Neither agree nor disagree,Strongly agree,Strongly agree,Not applicable,Often,Never,Never,Often,Never,Not at all,20+ hours,Mental/emotional well-being,,20-21,Third year or beyond,Man,,Middle Eastern/North African,,Yes,Transfer,,STEM,,Very confident,15+ credits,About equal,0 hours,4,5,3,5,5,5,5,4,3,5,4,4,5,3,5,5,,3,0,0,3,0,0,4,5,5,0,4.4,4.33
175,Neither agree nor disagree,Agree,Agree,Neither agree nor disagree,Agree,Agree,Neither agree nor disagree,Neither agree nor disagree,Agree,Disagree,Motivation/discipline,,Agree,Neither agree nor disagree,Strongly agree,Disagree,Strongly disagree,Neither agree nor disagree,Agree,Very often,Rarely,Very often,Rarely,Never,Very,5-10 hours,Doing well in school,,20-21,Second year,Woman,,Latino/Hispanic,,Not sure,Transfer,,Health professions,,Very confident,15+ credits,All/mostly in-person,0 hours,3,4,4,3,4,4,3,3,4,2,4,3,5,2,1,3,4,4,1,4,1,0,3,2,5,5,0,3.4,3.14
176,Agree,Agree,Strongly agree,Agree,Strongly agree,Strongly agree,Agree,Strongly agree,Strongly agree,Agree,Nothing holding me back,,Agree,Agree,Neither agree nor disagree,Agree,Agree,Disagree,Strongly agree,Sometimes,Very often,Often,Sometimes,Never,Prefer not to say,20+ hours,Doing well in school,,22-25,Second year,Woman,,Prefer not to say,,No,Transfer,,Prefer not to say,,Very confident,15+ credits,More in-person,0 hours,4,4,5,4,5,5,4,5,5,4,4,4,3,4,4,2,5,2,4,3,2,0,,4,5,5,0,4.5,3.71
177,Strongly agree,Strongly agree,Strongly agree,Agree,Strongly agree,Strongly agree,Strongly agree,Agree,Strongly agree,Strongly agree,Motivation/discipline,,Agree,Neither agree nor disagree,Strongly agree,Neither agree nor disagree,Strongly agree,Strongly disagree,Strongly disagree,Very often,Sometimes,Very often,Very often,Often,Extreme,5-10 hours,Financial stability,,18-19,First year,Man,,White,,No,Transfer,,Social sciences,,Very confident,15+ credits,About equal,30+ hours,5,5,5,4,5,5,5,4,5,5,4,3,5,3,5,1,1,4,2,4,4,3,4,2,5,5,4,4.8,3.14
178,Agree,Neither agree nor disagree,Strongly agree,Agree,Strongly agree,Strongly agree,Strongly agree,Agree,Strongly agree,Strongly agree,Motivation/discipline,,Neither agree nor disagree,Strongly agree,Strongly agree,Agree,Agree,Strongly disagree,Agree,Often,Sometimes,Very often,Rarely,Sometimes,Extreme,<5 hours,Financial stability,,20-21,Second year,Woman,,Latino/Hispanic,,No,Transfer,,Undecided,,Unsure,15+ credits,All/mostly in-person,0 hours,4,3,5,4,5,5,5,4,5,5,3,5,5,4,4,1,4,3,2,4,1,2,4,1,3,5,0,4.5,3.71
179,Agree,Agree,Neither agree nor disagree,Agree,Agree,Agree,Agree,Neither agree nor disagree,Agree,Agree,Mental health/emotional stress,,Disagree,Agree,Agree,Agree,Neither agree nor disagree,Agree,Agree,Sometimes,Sometimes,Sometimes,Rarely,Never,Moderate,5-10 hours,Doing well in school,,18-19,First year,Woman,,Middle Eastern/North African,,No,Transfer,,Health professions,,Very confident,12-14 credits,More online,1-9 hours,4,4,3,4,4,4,4,3,4,4,2,4,4,4,3,4,4,2,2,2,1,0,2,2,5,4,1,3.8,3.57
180,Agree,Agree,Agree,Agree,Disagree,Agree,Agree,Agree,Agree,Agree,Not prepared for college-level work,,Agree,Disagree,Agree,Neither agree nor disagree,Agree,Disagree,Strongly agree,Very often,Sometimes,Sometimes,Sometimes,Rarely,Extreme,11-19 hours,Doing well in school,,20-21,Third year or beyond,Woman,,White,,No,Associate degree,,Health professions,,Very confident,6-8 credits,About equal,20-29 hours,4,4,4,4,2,4,4,4,4,4,4,2,4,3,4,2,5,4,2,2,2,1,4,3,5,2,3,3.8,3.43
181,Strongly agree,Agree,Neither agree nor disagree,Agree,Agree,Agree,Agree,Agree,Agree,Agree,Motivation/discipline,,Neither agree nor disagree,Agree,Agree,Agree,Agree,Disagree,Strongly agree,Often,Sometimes,Often,Rarely,Rarely,Slight,5-10 hours,Doing well in school,,18-19,First year,Woman,,White,,Not sure,Associate degree,,Business,,Somewhat confident,12-14 credits,All/mostly in-person,1-9 hours,5,4,3,4,4,4,4,4,4,4,3,4,4,4,4,2,5,3,2,3,1,1,1,2,4,4,1,4.0,3.71
182,Agree,Agree,Agree,Disagree,Agree,Agree,Strongly agree,Neither agree nor disagree,Agree,Agree,Motivation/discipline,,Agree,Agree,Agree,Agree,Strongly agree,Agree,Agree,Often,Rarely,Sometimes,Often,Never,Moderate,11-19 hours,Figuring out my future,,18-19,Second year,Man,,Latino/Hispanic,,No,Transfer,,STEM,,Very confident,12-14 credits,All/mostly in-person,0 hours,4,4,4,2,4,4,5,3,4,4,4,4,4,4,5,4,4,3,1,2,3,0,2,3,5,4,0,3.8,4.14
183,Neither agree nor disagree,Neither agree nor disagree,Agree,Neither agree nor disagree,Disagree,Disagree,Strongly disagree,Disagree,Neither agree nor disagree,Neither agree nor disagree,Mental health/emotional stress,,Neither agree nor disagree,Neither agree nor disagree,Agree,Neither agree nor disagree,Agree,Neither agree nor disagree,Strongly agree,Sometimes,Sometimes,Sometimes,Sometimes,Never,Extreme,<5 hours,Financial stability,,20-21,First year,Woman,,Latino/Hispanic,,No,Undecided,,STEM,,Not confident at all,1-5 credits,All/mostly in-person,0 hours,3,3,4,3,2,2,1,2,3,3,3,3,4,3,4,3,5,2,2,2,2,0,4,1,1,1,0,2.6,3.57
184,Strongly agree,Agree,Agree,Agree,Agree,Agree,Strongly agree,Strongly agree,Strongly agree,Neither agree nor disagree,Motivation/discipline,,Agree,Agree,Agree,Agree,Agree,Agree,Strongly agree,Very often,Sometimes,Rarely,Very often,Never,Very,5-10 hours,Financial stability,,,First year,Woman,,Latino/Hispanic,,No,Transfer,,Health professions,,Very confident,9-11 credits,All/mostly in-person,1-9 hours,5,4,4,4,4,4,5,5,5,3,4,4,4,4,4,4,5,4,2,1,4,0,3,2,5,3,1,4.3,4.14
185,Agree,Agree,Agree,Agree,Agree,Agree,Agree,Agree,Agree,Agree,Mental health/emotional stress,,Agree,Agree,Agree,Agree,Agree,Neither agree nor disagree,Agree,Often,Sometimes,Sometimes,Rarely,Never,Slight,5-10 hours,Doing well in school,,20-21,Third year or beyond,Woman,,Latino/Hispanic,,No,Transfer,,Social sciences,,Very confident,6-8 credits,About equal,10-19 hours,4,4,4,4,4,4,4,4,4,4,4,4,4,4,4,3,4,3,2,2,1,0,1,2,5,2,2,4.0,3.86
186,Neither agree nor disagree,Agree,Neither agree nor disagree,Disagree,Neither agree nor disagree,Disagree,Agree,Neither agree nor disagree,Strongly agree,Agree,Mental health/emotional stress,,Neither agree nor disagree,Neither agree nor disagree,Agree,Agree,Agree,Disagree,Agree,Sometimes,Sometimes,Often,Rarely,Never,Slight,<5 hours,Figuring out my future,,18-19,First year,Woman,,Middle Eastern/North African,,Yes,Transfer,,Social sciences,,Unsure,12-14 credits,All/mostly in-person,0 hours,3,4,3,2,3,2,4,3,5,4,3,3,4,4,4,2,4,2,2,3,1,0,1,1,3,4,0,3.3,3.43
187,Agree,Neither agree nor disagree,Agree,Disagree,Disagree,Strongly agree,Neither agree nor disagree,Strongly disagree,Agree,Agree,Motivation/discipline,,Agree,Strongly agree,Agree,Agree,Disagree,Disagree,Agree,Sometimes,Very often,Sometimes,Sometimes,Never,Extreme,5-10 hours,Friendships or relationships,,18-19,First year,Other,Genderfluid,White,,Yes,Transfer,,STEM,,Very confident,15+ credits,All/mostly in-person,1-9 hours,4,3,4,2,2,5,3,1,4,4,4,5,4,4,2,2,4,2,4,2,2,0,4,2,5,5,1,3.2,3.57
188,Disagree,Agree,Neither agree nor disagree,Strongly agree,Neither agree nor disagree,Agree,Agree,Strongly agree,Disagree,Neither agree nor disagree,Motivation/discipline,,Strongly agree,Neither agree nor disagree,Strongly agree,Strongly agree,Strongly agree,Strongly agree,Not applicable,Rarely,Often,Rarely,Sometimes,Never,Moderate,<5 hours,Figuring out my future,,20-21,Prefer not to say,Man,,Multiracial,,No,Transfer,,Business,,Not confident at all,12-14 credits,All/mostly in-person,0 hours,2,4,3,5,3,4,4,5,2,3,5,3,5,5,5,5,,1,3,1,2,0,2,1,1,4,0,3.5,4.67
189,Agree,Disagree,Agree,Neither agree nor disagree,Neither agree nor disagree,Agree,Agree,Neither agree nor disagree,Agree,Agree,Teaching style/quality,,Neither agree nor disagree,Strongly agree,Neither agree nor disagree,Agree,Agree,Disagree,Neither agree nor disagree,Sometimes,Sometimes,Very often,Rarely,Sometimes,Not at all,11-19 hours,Doing well in school,,18-19,Second year,Man,,Southeast Asian,,No,Associate degree,,Health professions,,Unsure,12-14 credits,More in-person,0 hours,4,2,4,3,3,4,4,3,4,4,3,5,3,4,4,2,3,2,2,4,1,2,0,3,3,4,0,3.5,3.43
190,Strongly agree,Strongly agree,Agree,Strongly agree,Strongly agree,Agree,Strongly agree,Strongly agree,Strongly agree,Strongly agree,Nothing holding me back,,Strongly agree,Strongly agree,Strongly agree,Strongly agree,Strongly agree,Neither agree nor disagree,Strongly agree,Very often,Sometimes,Often,Often,Never,Very,20+ hours,Figuring out my future,,22-25,Third year or beyond,Woman,,East Asian,,Yes,Other,Transitioning to graduate school,Health professions,,Very confident,12-14 credits,All/mostly in-person,20-29 hours,5,5,4,5,5,4,5,5,5,5,5,5,5,5,5,3,5,4,2,3,3,0,3,4,5,4,3,4.8,4.71
191,Strongly agree,Strongly agree,Strongly agree,Agree,Agree,Strongly agree,,Strongly agree,Strongly agree,Strongly agree,Work responsibilities,,Strongly agree,Strongly agree,Strongly agree,Strongly agree,Strongly agree,Strongly agree,Agree,Very often,Never,Sometimes,Very often,Never,Slight,<5 hours,Doing well in school,,18-19,Second year,Woman,,Latino/Hispanic,,No,Transfer,,Social sciences,,Very confident,12-14 credits,More in-person,20-29 hours,5,5,5,4,4,5,,5,5,5,5,5,5,5,5,5,4,4,0,2,4,0,1,1,5,4,3,4.78,4.86
192,Agree,Neither agree nor disagree,Agree,Strongly disagree,Neither agree nor disagree,Neither agree nor disagree,Agree,Disagree,Agree,Neither agree nor disagree,Mental health/emotional stress,,Strongly disagree,Strongly agree,Neither agree nor disagree,Agree,Neither agree nor disagree,Strongly disagree,Strongly disagree,Sometimes,Very often,Sometimes,Often,Sometimes,Extreme,11-19 hours,Family responsibilities,,26 or older,Third year or beyond,Nonbinary,,Multiracial,,No,Certificate,,Humanities,,Somewhat confident,9-11 credits,All/mostly in-person,0 hours,4,3,4,1,3,3,4,2,4,3,1,5,3,4,3,1,1,2,4,2,3,2,4,3,4,3,0,3.1,2.57
193,Agree,Agree,Agree,Neither agree nor disagree,Agree,Agree,Neither agree nor disagree,Neither agree nor disagree,Strongly agree,Strongly agree,Mental health/emotional stress,,Neither agree nor disagree,Strongly agree,Agree,Agree,Neither agree nor disagree,Neither agree nor disagree,Agree,Very often,Sometimes,Often,Very often,Never,Not at all,5-10 hours,Figuring out my future,,18-19,Second year,Woman,,Latino/Hispanic,,No,Transfer,,Social sciences,,Somewhat confident,12-14 credits,All/mostly in-person,0 hours,4,4,4,3,4,4,3,3,5,5,3,5,4,4,3,3,4,4,2,3,4,0,0,2,4,4,0,3.9,3.71
194,Neither agree nor disagree,Agree,Neither agree nor disagree,Neither agree nor disagree,Agree,Disagree,Strongly agree,Agree,Agree,Disagree,Other,"This should be a checkbox question, a lot of these apply",Neither agree nor disagree,Neither agree nor disagree,Strongly agree,Strongly agree,Agree,Disagree,Disagree,Very often,Sometimes,Very often,Rarely,Never,Extreme,11-19 hours,Figuring out my future,,20-21,Second year,Prefer not to say,,Latino/Hispanic,,No,Transfer,,Arts/creative fields,,Very confident,12-14 credits,More online,10-19 hours,3,4,3,3,4,2,5,4,4,2,3,3,5,5,4,2,2,4,2,4,1,0,4,3,5,4,2,3.4,3.43
195,Neither agree nor disagree,Agree,Agree,Agree,Agree,Agree,Strongly agree,Agree,Neither agree nor disagree,Agree,Motivation/discipline,,Agree,Strongly agree,Strongly agree,Agree,Agree,Disagree,Strongly agree,Often,Rarely,Often,Often,Never,Slight,5-10 hours,Enjoying life,,20-21,Third year or beyond,Man,,Multiracial,,Yes,Associate degree,,Undecided,,No major chosen,12-14 credits,About equal,1-9 hours,3,4,4,4,4,4,5,4,3,4,4,5,5,4,4,2,5,3,1,3,3,0,1,2,,4,1,3.9,4.14
196,Neither agree nor disagree,Agree,Strongly agree,Agree,Disagree,Strongly disagree,Agree,Agree,Neither agree nor disagree,Disagree,Motivation/discipline,,Neither agree nor disagree,Agree,Strongly agree,Strongly agree,Agree,Agree,Neither agree nor disagree,Often,Often,Very often,Sometimes,Never,Slight,<5 hours,Doing well in school,,22-25,Third year or beyond,Woman,,White,,Yes,Transfer,,Arts/creative fields,,Somewhat confident,9-11 credits,All/mostly in-person,0 hours,3,4,5,4,2,1,4,4,3,2,3,4,5,5,4,4,3,3,3,4,2,0,1,1,4,3,0,3.2,4.0
197,Agree,Neither agree nor disagree,Agree,Agree,Agree,Agree,Agree,Agree,Agree,Agree,Not prepared for college-level work,,Agree,Strongly agree,Disagree,Disagree,Agree,Disagree,Disagree,Sometimes,Often,Very often,Rarely,Never,Moderate,11-19 hours,Financial stability,,20-21,Second year,Woman,,Southeast Asian,,No,Transfer,,Social sciences,,Somewhat confident,12-14 credits,About equal,30+ hours,4,3,4,4,4,4,4,4,4,4,4,5,2,2,4,2,2,2,3,4,1,0,2,3,4,4,4,3.9,3.0
198,Agree,Agree,Agree,Agree,Neither agree nor disagree,Agree,Agree,Disagree,Agree,Agree,Motivation/discipline,,Neither agree nor disagree,Agree,Strongly agree,Agree,Strongly agree,Agree,Agree,Often,Rarely,Very often,Sometimes,Never,Slight,5-10 hours,Doing well in school,,18-19,First year,Woman,,Latino/Hispanic,,Yes,Transfer,,STEM,,Somewhat confident,9-11 credits,All/mostly in-person,10-19 hours,4,4,4,4,3,4,4,2,4,4,3,4,5,4,5,4,4,3,1,4,2,0,1,2,4,3,2,3.7,4.14
199,Strongly agree,Agree,Agree,Strongly agree,Strongly agree,Strongly agree,Agree,Agree,Agree,Agree,Motivation/discipline,,Agree,Strongly agree,Strongly agree,Agree,Agree,Disagree,Strongly agree,Often,Rarely,Often,Often,Rarely,Moderate,5-10 hours,Other,my faith,20-21,Third year or beyond,Man,,Multiracial,,Yes,Transfer,,Business,,Somewhat confident,15+ credits,More in-person,1-9 hours,5,4,4,5,5,5,4,4,4,4,4,5,5,4,4,2,5,3,1,3,3,1,2,2,4,5,1,4.4,4.14
200,Neither agree nor disagree,Disagree,Agree,Disagree,Neither agree nor disagree,Disagree,Agree,Neither agree nor disagree,Neither agree nor disagree,Neither agree nor disagree,Mental health/emotional stress,,Neither agree nor disagree,Agree,Agree,Agree,Agree,Neither agree nor disagree,Agree,Sometimes,Very often,Rarely,Sometimes,Never,Not at all,5-10 hours,Financial stability,,22-25,Third year or beyond,Woman,,Southeast Asian,,Not sure,Transfer,,Other,Education,Somewhat confident,12-14 credits,More in-person,0 hours,3,2,4,2,3,2,4,3,3,3,3,4,4,4,4,3,4,2,4,1,2,0,0,2,4,4,0,2.9,3.71
201,Agree,Strongly agree,Agree,Agree,Neither agree nor disagree,Agree,Strongly agree,Agree,Agree,Neither agree nor disagree,Family/caregiving responsibilities,,Agree,Strongly agree,Strongly agree,Agree,Strongly agree,Agree,Agree,Very often,Sometimes,Very often,Rarely,Never,Moderate,5-10 hours,Mental/emotional well-being,,18-19,First year,Woman,,Middle Eastern/North African,,Yes,Transfer,,Business,,Somewhat confident,9-11 credits,All/mostly in-person,0 hours,4,5,4,4,3,4,5,4,4,3,4,5,5,4,5,4,4,4,2,4,1,0,2,2,4,3,0,4.0,4.43
202,Neither agree nor disagree,Strongly agree,Agree,Neither agree nor disagree,Strongly agree,Strongly agree,Strongly agree,Agree,Strongly agree,Strongly agree,Nothing holding me back,,Strongly agree,Agree,Strongly agree,Agree,Strongly agree,Strongly agree,Not applicable,Very often,Sometimes,Never,Often,Never,Extreme,11-19 hours,Figuring out my future,,26 or older,Third year or beyond,Woman,,Black/African American,,No,Transfer,,Health professions,,Very confident,15+ credits,About equal,0 hours,3,5,4,3,5,5,5,4,5,5,5,4,5,4,5,5,,4,2,0,3,0,4,3,5,5,0,4.4,4.67
203,Agree,Agree,Disagree,Agree,Agree,Agree,Agree,Disagree,Agree,Agree,Mental health/emotional stress,,Agree,Neither agree nor disagree,Disagree,Neither agree nor disagree,Agree,Strongly disagree,Disagree,Rarely,Sometimes,Sometimes,Very often,Often,Not at all,5-10 hours,Doing well in school,,26 or older,Third year or beyond,Man,,South Asian,,Yes,Associate degree,,STEM,,Very confident,9-11 credits,More in-person,0 hours,4,4,2,4,4,4,4,2,4,4,4,3,2,3,4,1,2,1,2,2,4,3,0,2,5,3,0,3.6,2.71
204,Agree,Agree,Agree,Agree,Agree,Strongly agree,Strongly agree,Agree,Strongly agree,Neither agree nor disagree,Motivation/discipline,,Agree,Agree,Agree,Agree,Agree,Agree,Agree,Sometimes,Rarely,Sometimes,Often,Sometimes,Moderate,5-10 hours,Financial stability,,18-19,First year,Man,,Southeast Asian,,Yes,Associate degree,,Business,,Unsure,12-14 credits,About equal,10-19 hours,4,4,4,4,4,5,5,4,5,3,4,4,4,4,4,4,4,2,1,2,3,2,2,2,3,4,2,4.2,4.0
205,Agree,Agree,Neither agree nor disagree,Neither agree nor disagree,Agree,Strongly agree,Strongly agree,Neither agree nor disagree,Neither agree nor disagree,Agree,Motivation/discipline,,Agree,Agree,Strongly agree,Disagree,Agree,Disagree,Agree,Often,Sometimes,Often,Sometimes,Prefer not to say,Very,5-10 hours,Enjoying life,,18-19,First year,Woman,,Multiracial,,Yes,Transfer,,Social sciences,,Somewhat confident,12-14 credits,About equal,10-19 hours,4,4,3,3,4,5,5,3,3,4,4,4,5,2,4,2,4,3,2,3,2,,3,2,4,4,2,3.8,3.57
206,Agree,Neither agree nor disagree,Agree,Neither agree nor disagree,Neither agree nor disagree,Disagree,Disagree,Disagree,Neither agree nor disagree,Agree,Motivation/discipline,,Neither agree nor disagree,Agree,Agree,Agree,Neither agree nor disagree,Agree,Agree,Sometimes,Often,Often,Rarely,Never,Moderate,11-19 hours,Figuring out my future,,18-19,First year,Woman,,Latino/Hispanic,,No,Transfer,,Humanities,,Very confident,12-14 credits,All/mostly in-person,20-29 hours,4,3,4,3,3,2,2,2,3,4,3,4,4,4,3,4,4,2,3,3,1,0,2,3,5,4,3,3.0,3.71
207,Strongly disagree,Agree,Agree,Strongly disagree,Strongly disagree,Strongly agree,Neither agree nor disagree,Strongly disagree,Strongly agree,Neither agree nor disagree,Mental health/emotional stress,,Strongly disagree,Strongly agree,Agree,Strongly agree,Agree,Neither agree nor disagree,Disagree,Often,Very often,Sometimes,Often,Very often,Moderate,5-10 hours,Doing well in school,,17 or younger,First year,Prefer not to say,,Multiracial,,Yes,Transfer,,Other,Film and Mathematics,Very confident,9-11 credits,All/mostly in-person,0 hours,1,4,4,1,1,5,3,1,5,3,1,5,4,5,4,3,2,3,4,2,3,4,2,2,5,3,0,2.8,3.43
208,Agree,Agree,Strongly agree,Neither agree nor disagree,Agree,Neither agree nor disagree,Agree,Agree,Strongly agree,Strongly agree,Mental health/emotional stress,,Neither agree nor disagree,Agree,Agree,Agree,Agree,Disagree,Neither agree nor disagree,Very often,Sometimes,Sometimes,Sometimes,Never,Slight,5-10 hours,Doing well in school,,18-19,First year,Woman,,Latino/Hispanic,,No,Transfer,,Prefer not to say,,Very confident,12-14 credits,More online,20-29 hours,4,4,5,3,4,3,4,4,5,5,3,4,4,4,4,2,3,4,2,2,2,0,1,2,5,4,3,4.1,3.43
209,Agree,Agree,Disagree,Neither agree nor disagree,Neither agree nor disagree,Disagree,Agree,Neither agree nor disagree,Agree,Neither agree nor disagree,Mental health/emotional stress,,Agree,Disagree,Neither agree nor disagree,Strongly disagree,Strongly agree,Neither agree nor disagree,Neither agree nor disagree,Sometimes,Sometimes,Sometimes,Never,Never,Moderate,20+ hours,Doing well in school,,18-19,First year,Woman,,Southeast Asian,,Yes,Transfer,,Health professions,,Somewhat confident,12-14 credits,More online,0 hours,4,4,2,3,3,2,4,3,4,3,4,2,3,1,5,3,3,2,2,2,0,0,2,4,4,4,0,3.2,3.0
210,Agree,Agree,Agree,Agree,Agree,Agree,Agree,Agree,Agree,Agree,Work responsibilities,,Neither agree nor disagree,Agree,Agree,Agree,Agree,Neither agree nor disagree,Agree,Sometimes,Sometimes,Often,Sometimes,Prefer not to say,Slight,20+ hours,Financial stability,,18-19,Second year,Woman,,Multiracial,,No,Transfer,,Social sciences,,Very confident,15+ credits,All/mostly online,20-29 hours,4,4,4,4,4,4,4,4,4,4,3,4,4,4,4,3,4,2,2,3,2,,1,4,5,5,3,4.0,3.71
211,Agree,Agree,Agree,Agree,Neither agree nor disagree,Agree,Neither agree nor disagree,Agree,Agree,Agree,Motivation/discipline,,Agree,Agree,Agree,Agree,Agree,Agree,Agree,Often,Rarely,Sometimes,Often,Never,Slight,5-10 hours,Enjoying life,,Prefer not to say,Second year,Man,,Prefer not to say,,Yes,Transfer,,Prefer not to say,,Somewhat confident,12-14 credits,All/mostly online,0 hours,4,4,4,4,3,4,3,4,4,4,4,4,4,4,4,4,4,3,1,2,3,0,1,2,4,4,0,3.8,4.0
212,Disagree,Agree,Strongly disagree,Disagree,Strongly disagree,Strongly agree,Agree,Agree,Neither agree nor disagree,Agree,Other,mental health and motivation/discipline,Agree,Strongly disagree,Agree,Disagree,Strongly agree,Disagree,Agree,Rarely,Rarely,Very often,Often,Never,Slight,<5 hours,Figuring out my future,,18-19,Second year,Man,,,,No,Transfer,,STEM,,Unsure,15+ credits,More online,10-19 hours,2,4,1,2,1,5,4,4,3,4,4,1,4,2,5,2,4,1,1,4,3,0,1,1,3,5,2,3.0,3.14
213,Neither agree nor disagree,Neither agree nor disagree,Agree,Agree,Agree,Agree,Agree,Agree,Strongly agree,Neither agree nor disagree,Physical health/low energy,,Disagree,Strongly agree,Strongly agree,Agree,Agree,Neither agree nor disagree,Agree,Sometimes,Rarely,Sometimes,Often,Never,Slight,11-19 hours,Doing well in school,,20-21,Third year or beyond,Woman,,South Asian,,Yes,Transfer,,STEM,,Somewhat confident,15+ credits,About equal,1-9 hours,3,3,4,4,4,4,4,4,5,3,2,5,5,4,4,3,4,2,1,2,3,0,1,3,4,5,1,3.8,3.86
214,Disagree,Disagree,Neither agree nor disagree,Neither agree nor disagree,Neither agree nor disagree,Neither agree nor disagree,Neither agree nor disagree,Neither agree nor disagree,Neither agree nor disagree,Disagree,Mental health/emotional stress,,Disagree,Neither agree nor disagree,Neither agree nor disagree,Neither agree nor disagree,Disagree,Disagree,Neither agree nor disagree,Rarely,Sometimes,Rarely,Sometimes,Never,Slight,11-19 hours,Financial stability,,18-19,First year,Woman,,White,,Not sure,Undecided,,Undecided,,No major chosen,12-14 credits,More online,20-29 hours,2,2,3,3,3,3,3,3,3,2,2,3,3,3,2,2,3,1,2,1,2,0,1,3,,4,3,2.7,2.57
215,Strongly disagree,Agree,Agree,Agree,Strongly agree,Strongly agree,Neither agree nor disagree,Strongly agree,Strongly disagree,Strongly disagree,Teaching style/quality,,Disagree,Strongly agree,Strongly agree,Neither agree nor disagree,Strongly agree,Strongly disagree,Agree,Very often,Rarely,Very often,Never,Never,Extreme,11-19 hours,Doing well in school,,18-19,First year,Man,,Black/African American,,Yes,Transfer,,STEM,,Very confident,15+ credits,More in-person,0 hours,1,4,4,4,5,5,3,5,1,1,2,5,5,3,5,1,4,4,1,4,0,0,4,3,5,5,0,3.3,3.57
216,Agree,Agree,Agree,Strongly disagree,Neither agree nor disagree,Agree,Strongly agree,Disagree,Neither agree nor disagree,Agree,Mental health/emotional stress,,Agree,Agree,Strongly agree,Strongly agree,Strongly agree,Agree,Strongly agree,Often,Often,Sometimes,Sometimes,Rarely,Very,20+ hours,Doing well in school,,18-19,First year,Man,,Multiracial,,Yes,Transfer,,STEM,,Somewhat confident,15+ credits,All/mostly in-person,1-9 hours,4,4,4,1,3,4,5,2,3,4,4,4,5,5,5,4,5,3,3,2,2,1,3,4,4,5,1,3.4,4.57
217,Agree,Agree,Agree,Neither agree nor disagree,Agree,Strongly agree,Agree,Neither agree nor disagree,Strongly agree,Agree,Work responsibilities,,Neither agree nor disagree,Agree,Agree,Strongly agree,Strongly agree,Disagree,Strongly agree,Sometimes,Rarely,Sometimes,Sometimes,Never,Moderate,11-19 hours,Financial stability,,26 or older,Third year or beyond,Woman,,Black/African American,,Yes,Transfer,,Social sciences,,Somewhat confident,12-14 credits,All/mostly online,30+ hours,4,4,4,3,4,5,4,3,5,4,3,4,4,5,5,2,5,2,1,2,2,0,2,3,4,4,4,4.0,4.0
218,Agree,Agree,Strongly agree,Strongly agree,Agree,Agree,Strongly agree,Agree,Agree,Strongly agree,Mental health/emotional stress,,Agree,Agree,Strongly agree,Strongly agree,Strongly agree,Strongly agree,Strongly agree,Often,Rarely,Never,Often,Never,Not at all,5-10 hours,Doing well in school,,18-19,Second year,Man,,South Asian,,Yes,Transfer,,STEM,,Very confident,12-14 credits,More online,0 hours,4,4,5,5,4,4,5,4,4,5,4,4,5,5,5,5,5,3,1,0,3,0,0,2,5,4,0,4.4,4.71
219,Strongly agree,Agree,Agree,Agree,Strongly agree,Strongly agree,Agree,Agree,Agree,Agree,Motivation/discipline,,Agree,Strongly agree,Strongly agree,Agree,Neither agree nor disagree,Agree,Strongly agree,Very often,Rarely,Sometimes,Very often,Never,Not at all,5-10 hours,Figuring out my future,,17 or younger,First year,Man,,South Asian,,Yes,Other,"I'm also a high school student, so my main goal is to graduate.",STEM,,Very confident,9-11 credits,More in-person,0 hours,5,4,4,4,5,5,4,4,4,4,4,5,5,4,3,4,5,4,1,2,4,0,0,2,5,3,0,4.3,4.29
220,Agree,Disagree,Agree,Disagree,Agree,Disagree,Disagree,Disagree,Agree,Strongly disagree,Motivation/discipline,,Disagree,Disagree,Agree,Agree,Agree,Agree,Strongly disagree,Sometimes,Sometimes,Very often,Rarely,Never,Not at all,5-10 hours,Doing well in school,,20-21,Third year or beyond,Woman,,Middle Eastern/North African,,Yes,Transfer,,Business,,Somewhat confident,12-14 credits,More in-person,0 hours,4,2,4,2,4,2,2,2,4,1,2,2,4,4,4,4,1,2,2,4,1,0,0,2,4,4,0,2.7,3.0
221,Agree,Agree,Neither agree nor disagree,Agree,Agree,Agree,Agree,Agree,Neither agree nor disagree,Neither agree nor disagree,Family/caregiving responsibilities,,Neither agree nor disagree,Agree,Agree,Agree,Neither agree nor disagree,Disagree,Disagree,Often,Often,Often,Often,Never,Very,5-10 hours,Enjoying life,,18-19,First year,Woman,,Southeast Asian,,No,Transfer,,Health professions,,Somewhat confident,12-14 credits,All/mostly online,20-29 hours,4,4,3,4,4,4,4,4,3,3,3,4,4,4,3,2,2,3,3,3,3,0,3,2,4,4,3,3.7,3.14
222,Agree,Agree,Neither agree nor disagree,Agree,Strongly agree,Agree,Agree,Neither agree nor disagree,Agree,Agree,Motivation/discipline,,Neither agree nor disagree,Disagree,Agree,Neither agree nor disagree,Agree,Neither agree nor disagree,Strongly agree,Often,Rarely,Often,Very often,Never,Slight,5-10 hours,Figuring out my future,,18-19,First year,Woman,,White,,Yes,Transfer,,Business,,Somewhat confident,15+ credits,All/mostly online,0 hours,4,4,3,4,5,4,4,3,4,4,3,2,4,3,4,3,5,3,1,3,4,0,1,2,4,5,0,3.9,3.43
223,Strongly agree,Neither agree nor disagree,Strongly agree,Strongly agree,Strongly agree,Strongly agree,Strongly agree,Strongly agree,Strongly agree,Neither agree nor disagree,Teaching style/quality,,Strongly agree,Agree,Strongly agree,Agree,Strongly agree,Agree,Strongly agree,Very often,Rarely,Sometimes,Sometimes,Never,Slight,5-10 hours,Doing well in school,,18-19,First year,Woman,,Latino/Hispanic,,Yes,Transfer,,Arts/creative fields,,Very confident,15+ credits,All/mostly in-person,0 hours,5,3,5,5,5,5,5,5,5,3,5,4,5,4,5,4,5,4,1,2,2,0,1,2,5,5,0,4.6,4.57
224,Strongly agree,Agree,Strongly agree,Strongly agree,Strongly agree,Strongly agree,Strongly agree,Agree,Agree,Neither agree nor disagree,Family/caregiving responsibilities,,Neither agree nor disagree,Agree,Strongly agree,Agree,Agree,Neither agree nor disagree,Strongly agree,Often,Rarely,Sometimes,Often,Never,,5-10 hours,Figuring out my future,,26 or older,Second year,Woman,,Multiracial,,No,Transfer,,STEM,,Very confident,9-11 credits,All/mostly in-person,0 hours,5,4,5,5,5,5,5,4,4,3,3,4,5,4,4,3,5,3,1,2,3,0,,2,5,3,0,4.5,4.0
225,Neither agree nor disagree,Agree,Agree,Agree,Strongly agree,Strongly agree,Strongly agree,Strongly agree,Agree,Agree,Mental health/emotional stress,,Agree,Strongly disagree,Agree,Agree,Neither agree nor disagree,Agree,Strongly agree,Sometimes,Sometimes,Very often,Very often,Never,Very,<5 hours,Financial stability,,20-21,Second year,Man,,Middle Eastern/North African,,No,Transfer,,Business,,Somewhat confident,15+ credits,More online,30+ hours,3,4,4,4,5,5,5,5,4,4,4,1,4,4,3,4,5,2,2,4,4,0,3,1,4,5,4,4.3,3.57
226,Strongly agree,Agree,Strongly agree,Agree,Strongly agree,Strongly agree,Agree,Strongly agree,Agree,Agree,Nothing holding me back,,Strongly agree,Strongly agree,Strongly agree,Agree,Agree,Agree,Strongly agree,Very often,Never,Sometimes,Sometimes,Never,Not at all,5-10 hours,Doing well in school,,18-19,First year,Woman,,Latino/Hispanic,,No,Transfer,,Health professions,,Very confident,12-14 credits,All/mostly in-person,0 hours,5,4,5,4,5,5,4,5,4,4,5,5,5,4,4,4,5,4,0,2,2,0,0,2,5,4,0,4.5,4.57
227,Agree,Agree,Agree,Strongly agree,Agree,Neither agree nor disagree,Strongly agree,Agree,Strongly agree,Agree,Physical health/low energy,,Neither agree nor disagree,Strongly agree,Neither agree nor disagree,Disagree,Neither agree nor disagree,Strongly disagree,Neither agree nor disagree,Often,Sometimes,Very often,Often,Never,Moderate,5-10 hours,Doing well in school,,20-21,Second year,Man,,Pacific Islander,,Not sure,Transfer,,Business,,Somewhat confident,15+ credits,More in-person,20-29 hours,4,4,4,5,4,3,5,4,5,4,3,5,3,2,3,1,3,3,2,4,3,0,2,2,4,5,3,4.2,2.86
228,Agree,Disagree,Agree,Agree,Strongly disagree,Neither agree nor disagree,Agree,Agree,Neither agree nor disagree,Disagree,Mental health/emotional stress,,Strongly disagree,Agree,Strongly agree,Strongly disagree,Disagree,Disagree,Agree,Sometimes,Sometimes,Very often,Often,Never,Extreme,11-19 hours,Doing well in school,,18-19,First year,Woman,,Multiracial,,Yes,Associate degree,,STEM,,Somewhat confident,15+ credits,More online,1-9 hours,4,2,4,4,1,3,4,4,3,2,1,4,5,1,2,2,4,2,2,4,3,0,4,3,4,5,1,3.1,2.71
229,,,,,,,,,,,,,,,,,,,,,,,,,,,,,,,,,,,,,,,,,,All/mostly in-person,0 hours,,,,,,,,,,,,,,,,,,,,,,,,,,,0,,
230,Strongly disagree,Agree,Neither agree nor disagree,Agree,Strongly agree,Strongly agree,Strongly agree,Neither agree nor disagree,Strongly agree,Strongly agree,Mental health/emotional stress,,Neither agree nor disagree,Disagree,Strongly agree,Neither agree nor disagree,Agree,Disagree,Strongly agree,Often,Sometimes,Very often,Very often,Sometimes,Very,<5 hours,Figuring out my future,,18-19,First year,Man,,Latino/Hispanic,,No,Transfer,,Social sciences,,Very confident,15+ credits,All/mostly online,30+ hours,1,4,3,4,5,5,5,3,5,5,3,2,5,3,4,2,5,3,2,4,4,2,3,1,5,5,4,4.0,3.43
231,Strongly agree,Agree,Agree,Agree,Agree,Agree,Agree,Agree,Agree,Agree,Motivation/discipline,,Agree,Agree,Agree,Agree,Strongly agree,Agree,Strongly agree,Often,Sometimes,Very often,Very often,Rarely,Slight,11-19 hours,Doing well in school,,26 or older,Third year or beyond,Man,,Southeast Asian,,Yes,Transfer,,Social sciences,,Very confident,12-14 credits,All/mostly in-person,30+ hours,5,4,4,4,4,4,4,4,4,4,4,4,4,4,5,4,5,3,2,4,4,1,1,3,5,4,4,4.1,4.29
232,Strongly agree,Strongly agree,Agree,Neither agree nor disagree,Strongly agree,Agree,Strongly agree,Agree,Strongly agree,Agree,Mental health/emotional stress,,Neither agree nor disagree,Neither agree nor disagree,Strongly agree,Strongly agree,Strongly agree,Strongly disagree,Agree,Often,Sometimes,Very often,Very often,Never,Moderate,5-10 hours,Mental/emotional well-being,,18-19,First year,Man,,Multiracial,,Yes,Transfer,,Prefer not to say,,Very confident,15+ credits,About equal,10-19 hours,5,5,4,3,5,4,5,4,5,4,3,3,5,5,5,1,4,3,2,4,4,0,2,2,5,5,2,4.4,3.71
233,Agree,Strongly agree,Neither agree nor disagree,Agree,Agree,Agree,Agree,Agree,Neither agree nor disagree,Neither agree nor disagree,Motivation/discipline,,Neither agree nor disagree,Disagree,Strongly agree,Neither agree nor disagree,Agree,Disagree,Neither agree nor disagree,Very often,Rarely,Rarely,Rarely,Never,Moderate,<5 hours,Other,Having a stable routine and balance overall,20-21,First year,Man,,Latino/Hispanic,,No,Transfer,,Business,,Very confident,12-14 credits,All/mostly in-person,20-29 hours,4,5,3,4,4,4,4,4,3,3,3,2,5,3,4,2,3,4,1,1,1,0,2,1,5,4,3,3.8,3.14
234,Strongly disagree,Agree,Neither agree nor disagree,Strongly disagree,Strongly disagree,Agree,Disagree,Neither agree nor disagree,Neither agree nor disagree,Agree,Family/caregiving responsibilities,,Agree,Strongly disagree,Disagree,Neither agree nor disagree,Disagree,Strongly disagree,Strongly disagree,Rarely,Very often,Rarely,Often,Never,Extreme,11-19 hours,Financial stability,,22-25,Third year or beyond,Nonbinary,,South Asian,,Yes,Transfer,,Business,,Somewhat confident,15+ credits,All/mostly online,1-9 hours,1,4,3,1,1,4,2,3,3,4,4,1,2,3,2,1,1,1,4,1,3,0,4,3,4,5,1,2.6,2.0
235,Neither agree nor disagree,Agree,Agree,Disagree,Neither agree nor disagree,Agree,Agree,Neither agree nor disagree,Neither agree nor disagree,Neither agree nor disagree,Motivation/discipline,,Agree,Disagree,Agree,Agree,Disagree,Disagree,Strongly agree,Often,Rarely,Very often,Often,Never,Extreme,<5 hours,Figuring out my future,,18-19,First year,Man,,Latino/Hispanic,,No,Transfer,,Business,,Somewhat confident,9-11 credits,More in-person,30+ hours,3,4,4,2,3,4,4,3,3,3,4,2,4,4,2,2,5,3,1,4,3,0,4,1,4,3,4,3.3,3.29
236,Strongly agree,Strongly agree,Strongly agree,Strongly agree,Strongly agree,Strongly agree,Strongly agree,Strongly agree,Strongly agree,Strongly agree,Nothing holding me back,,Strongly agree,Strongly agree,Strongly agree,Strongly agree,Strongly agree,Strongly agree,Strongly agree,Often,Rarely,Often,Rarely,Never,Not at all,5-10 hours,Enjoying life,,26 or older,Second year,Woman,,East Asian,,No,Transfer,,Arts/creative fields,,Very confident,12-14 credits,More online,20-29 hours,5,5,5,5,5,5,5,5,5,5,5,5,5,5,5,5,5,3,1,3,1,0,0,2,5,4,3,5.0,5.0
237,Agree,Agree,Strongly agree,Disagree,Neither agree nor disagree,Agree,Agree,Neither agree nor disagree,Agree,Agree,Mental health/emotional stress,,Disagree,Agree,Agree,Agree,Agree,Disagree,Disagree,Often,Sometimes,Sometimes,Sometimes,Sometimes,Moderate,5-10 hours,Mental/emotional well-being,,26 or older,Third year or beyond,Woman,,Latino/Hispanic,,Not sure,Associate degree,,Social sciences,,Somewhat confident,12-14 credits,All/mostly online,30+ hours,4,4,5,2,3,4,4,3,4,4,2,4,4,4,4,2,2,3,2,2,2,2,2,2,4,4,4,3.7,3.14
238,Agree,Agree,Agree,Agree,Agree,Agree,Agree,Neither agree nor disagree,Agree,Agree,Other,Financial stability,Agree,Agree,Agree,Agree,Agree,Neither agree nor disagree,Neither agree nor disagree,Sometimes,Rarely,Sometimes,Sometimes,Never,Very,5-10 hours,Financial stability,,Prefer not to say,Second year,Woman,,Prefer not to say,,No,Transfer,,Health professions,,Somewhat confident,12-14 credits,More in-person,20-29 hours,4,4,4,4,4,4,4,3,4,4,4,4,4,4,4,3,3,2,1,2,2,0,3,2,4,4,3,3.9,3.71
239,Agree,Disagree,Disagree,Neither agree nor disagree,Neither agree nor disagree,Neither agree nor disagree,Disagree,Neither agree nor disagree,Agree,Disagree,Teaching style/quality,,Disagree,Neither agree nor disagree,Agree,Neither agree nor disagree,Disagree,Strongly disagree,Neither agree nor disagree,Often,Very often,Often,Rarely,Never,Not at all,11-19 hours,Doing well in school,,18-19,First year,Woman,,Southeast Asian,,Yes,Transfer,,STEM,,Somewhat confident,15+ credits,All/mostly in-person,0 hours,4,2,2,3,3,3,2,3,4,2,2,3,4,3,2,1,3,3,4,3,1,0,0,3,4,5,0,2.8,2.57
240,Agree,Agree,Strongly agree,Agree,Agree,Agree,Strongly agree,Agree,Agree,Agree,Motivation/discipline,,Agree,Strongly agree,Agree,Agree,Agree,Neither agree nor disagree,Strongly agree,Often,Often,Sometimes,Often,Never,Moderate,11-19 hours,Doing well in school,,18-19,First year,Woman,,Latino/Hispanic,,No,Transfer,,Humanities,,Very confident,15+ credits,More in-person,0 hours,4,4,5,4,4,4,5,4,4,4,4,5,4,4,4,3,5,3,3,2,3,0,2,3,5,5,0,4.2,4.14
241,Agree,Disagree,Agree,Agree,Agree,Strongly agree,Strongly agree,Strongly agree,Strongly agree,Agree,Motivation/discipline,,Neither agree nor disagree,Neither agree nor disagree,Agree,Strongly agree,Agree,Agree,Neither agree nor disagree,Very often,Rarely,Sometimes,Often,Never,Not at all,5-10 hours,Enjoying life,,17 or younger,First year,Woman,,South Asian,,Yes,Transfer,,STEM,,Very confident,15+ credits,More online,0 hours,4,2,4,4,4,5,5,5,5,4,3,3,4,5,4,4,3,4,1,2,3,0,0,2,5,5,0,4.2,3.71
242,Strongly disagree,Strongly disagree,Agree,Strongly disagree,Neither agree nor disagree,Strongly disagree,Strongly disagree,Disagree,Neither agree nor disagree,Agree,Work responsibilities,,Disagree,Agree,Neither agree nor disagree,Agree,Agree,Agree,Agree,Rarely,Very often,Never,Sometimes,Never,Extreme,20+ hours,Figuring out my future,,26 or older,First year,Woman,,White,,No,Transfer,,Other,recreation,Very confident,12-14 credits,More online,30+ hours,1,1,4,1,3,1,1,2,3,4,2,4,3,4,4,4,4,1,4,0,2,0,4,4,5,4,4,2.1,3.57
243,Neither agree nor disagree,Agree,Strongly agree,Neither agree nor disagree,Disagree,Neither agree nor disagree,Strongly disagree,Neither agree nor disagree,Neither agree nor disagree,Neither agree nor disagree,Motivation/discipline,,Agree,Neither agree nor disagree,Neither agree nor disagree,Agree,Agree,Strongly agree,Strongly agree,Sometimes,Sometimes,Never,Often,Never,Not at all,5-10 hours,Enjoying life,,18-19,Second year,Woman,,South Asian,,Yes,Transfer,,Social sciences,,Very confident,9-11 credits,All/mostly in-person,1-9 hours,3,4,5,3,2,3,1,3,3,3,4,3,3,4,4,5,5,2,2,0,3,0,0,2,5,3,1,3.0,4.0
244,Agree,Strongly agree,Strongly agree,Agree,Strongly agree,Strongly agree,Strongly agree,Strongly agree,Agree,Neither agree nor disagree,Mental health/emotional stress,,Agree,Strongly agree,Agree,Strongly agree,Agree,Neither agree nor disagree,Agree,Often,Rarely,Very often,Often,Never,Extreme,5-10 hours,Financial stability,,18-19,First year,Man,,Latino/Hispanic,,Yes,Associate degree,,Social sciences,,Somewhat confident,12-14 credits,More online,10-19 hours,4,5,5,4,5,5,5,5,4,3,4,5,4,5,4,3,4,3,1,4,3,0,4,2,4,4,2,4.5,4.14
245,Strongly agree,Strongly agree,Strongly agree,Strongly agree,Strongly agree,Strongly agree,Strongly agree,Strongly agree,Strongly agree,Strongly agree,Family/caregiving responsibilities,,Agree,Strongly agree,Strongly agree,Strongly agree,Strongly agree,Agree,Neither agree nor disagree,Often,Rarely,Sometimes,Very often,Never,Very,20+ hours,Family responsibilities,,26 or older,Second year,Woman,,Multiracial,,Yes,Transfer,,Health professions,,Very confident,12-14 credits,All/mostly in-person,10-19 hours,5,5,5,5,5,5,5,5,5,5,4,5,5,5,5,4,3,3,1,2,4,0,3,4,5,4,2,5.0,4.43
246,Agree,Disagree,Agree,Neither agree nor disagree,Agree,Neither agree nor disagree,Agree,Agree,Agree,Agree,Motivation/discipline,,Disagree,Strongly agree,Strongly agree,Agree,Strongly disagree,Disagree,Disagree,Often,Rarely,Very often,Never,Never,Very,11-19 hours,Figuring out my future,,26 or older,Second year,Woman,,Middle Eastern/North African,,No,Transfer,,Humanities,,Somewhat confident,15+ credits,All/mostly in-person,1-9 hours,4,2,4,3,4,3,4,4,4,4,2,5,5,4,1,2,2,3,1,4,0,0,3,3,4,5,1,3.6,3.0
247,Agree,Neither agree nor disagree,Agree,Disagree,Disagree,Strongly agree,Agree,Strongly disagree,Strongly agree,Disagree,Physical health/low energy,,Disagree,Strongly agree,Strongly agree,Agree,Agree,Strongly disagree,Disagree,Very often,Often,Very often,Rarely,Never,Very,5-10 hours,Doing well in school,,20-21,Second year,Woman,,Southeast Asian,,Not sure,Undecided,,Health professions,,Not very confident,12-14 credits,More in-person,0 hours,4,3,4,2,2,5,4,1,5,2,2,5,5,4,4,1,2,4,3,4,1,0,3,2,2,4,0,3.2,3.29
